group_name,message,last_sent,sent,delivered%,opened%,clicked%,bounced%,opt_out%
,MLDP Approval Jan 2026,01/07/2026,109,100.0,50.46,3.67,0.0,0.0
,1.13.26 C34 Update,01/13/2026,2687,99.96,26.69,0.78,0.04,0.04
Alaska Airlines,123.45: ALA & HAL MEC Joint Meetings Next Week,01/13/2026,4448,100.0,30.53,1.06,0.0,0.0
Alaska Airlines,123.45: ALA-HAL Joint Meeting Recap (Jan. 2026),01/23/2026,4475,100.0,32.58,1.03,0.0,0.02
Alaska Airlines,123.45: JCBA Negotiations Update - Feb. 20 2026,02/20/2026,4511,99.93,76.95,1.26,0.07,0.0
Alaska Airlines,123.45: Status Update - JCBA Negotiations,02/06/2026,4509,99.73,35.98,1.82,0.27,0.0
Hawaiian,2025 Performance-Based Pay Results,01/30/2026,1217,100.0,45.28,8.46,0.0,0.0
,2025 Wrap-Up,01/12/2026,1066,100.0,26.45,1.31,0.0,0.0
West Jet Airlines,2026 - #1 - WestJet Special Update 1/1/2026,01/01/2026,2345,100.0,44.9,1.07,0.0,0.04
West Jet Airlines,2026 - #10 - WJA MEC Update 2/17/2026,02/17/2026,2364,100.0,57.91,20.43,0.0,0.04
West Jet Airlines,2026 - #2 - WJA MEC Update 1/2/2026,01/02/2026,2345,100.0,47.63,4.09,0.0,0.04
West Jet Airlines,2026 - #3 - WestJet Special Update 1/5/2026,01/05/2026,2344,99.96,47.33,1.54,0.04,0.04
West Jet Airlines,2026 - #4 WestJet Scheduling Update 1/6/26,01/06/2026,2345,100.0,46.91,1.88,0.0,0.04
West Jet Airlines,2026 - #5 - WJA MEC ALERT 1/7/2026,01/07/2026,2347,100.0,40.52,1.32,0.0,0.04
West Jet Airlines,2026 - #6 - WestJet Special Update 1/9/2026,01/09/2026,2368,100.0,46.88,1.69,0.0,0.04
West Jet Airlines,2026 - #7 - WestJet Special Update 1/16/2026,01/16/2026,2360,100.0,46.57,1.4,0.0,0.04
West Jet Airlines,2026 - #8 - WJA MEC Update 1/20/2026,01/21/2026,2365,100.0,52.39,15.18,0.0,0.04
West Jet Airlines,2026 - #9 - WJA MEC Update 2/3/2026,02/03/2026,2358,100.0,55.85,18.07,0.0,0.04
,2026 - FEB LSC Report,01/07/2026,1960,100.0,29.8,1.12,0.0,0.05
,2026 - MAR LSC Report,02/11/2026,1974,100.0,32.42,1.27,0.0,0.0
,2026 - Meeting Notice for 2-5-2026 - Final,01/10/2026,3918,99.97,27.16,1.33,0.03,0.03
,2026 - Meeting Notice for 2-5-2026 - Final v 2,02/05/2026,7829,99.97,29.22,3.3,0.03,0.03
Jazz Aviation,2026 Contract Opener,01/19/2026,1135,100.0,52.33,0.97,0.0,0.0
,2026 happy new year,01/01/2026,1076,100.0,24.72,0.74,0.0,0.0
,2026 New Jersey Tax Limits,01/09/2026,3398,100.0,31.7,1.59,0.0,0.03
,2026-27 Vacation Primary Open,01/19/2026,1066,100.0,38.46,18.95,0.0,0.0
,2026.01.04 LEC 171 LSC update,01/04/2026,2232,99.91,8.12,1.84,0.09,0.09
,2026.01.08 LEC 171 756 Displacements,01/08/2026,2246,99.96,30.73,3.88,0.04,0.09
,2026.01.13 LEC 171 AFA,01/13/2026,2245,100.0,25.43,1.25,0.0,0.09
,2026.01.18 MEC Meeting Recap,01/18/2026,2257,100.0,32.3,6.42,0.0,0.09
,2026.02.06 LEC 171 LSC Update,02/06/2026,2253,99.87,10.98,1.73,0.13,0.04
,2026.02.06 Save The DAte,02/06/2026,2253,99.87,26.98,1.38,0.13,0.04
,2026.02.23 Security Concerns,02/23/2026,2255,100.0,68.87,6.61,0.0,0.0
Sun Country,2026_01_19 All Pilot Call,01/19/2026,693,100.0,45.89,10.1,0.0,0.0
Alaska Airlines,25X&Y Refresh,01/24/2026,3310,99.76,15.78,0.85,0.24,0.0
,260101 January Update,01/01/2026,5327,99.98,31.49,3.08,0.02,0.06
,260112 Meet & Greet Reminder,01/12/2026,5350,100.0,16.93,0.37,0.0,0.07
,260201 February Update,02/01/2026,5359,100.0,31.91,1.27,0.0,0.02
PSA Airlines,5342 Memorial Location Change,01/21/2026,2033,99.95,45.57,0.59,0.05,0.05
,ACA 252  Newsletter,01/05/2026,106,100.0,33.02,2.83,0.0,0.0
,ACA 252 Family Awareness Event: Jets Night!,02/17/2026,101,100.0,42.57,24.75,0.0,0.0
,ACA 252 Meeting Notice LCM Feb. 17 2026,02/11/2026,105,100.0,36.19,2.86,0.0,0.0
,ACA 252 Update,01/28/2026,108,100.0,34.26,1.85,0.0,0.0
,ACA LEC 254 Update,01/23/2026,1229,100.0,39.54,0.16,0.0,0.0
PSA Airlines,ACARS Outage.,01/20/2026,2033,99.95,44.54,0.15,0.05,0.1
,AI Approval Jan 2026,01/08/2026,15,100.0,33.33,0.0,0.0,0.0
,AI/CI Approval Jan 2026,01/08/2026,26,100.0,65.38,0.0,0.0,0.0
,Aidan Ellacott JAZ 226 1of.vch 1.12.26,01/12/2026,188,100.0,52.66,6.38,0.0,0.0
,AIE Mise à jour du CEP / MEC Update 1/18/2026,01/27/2026,296,100.0,52.36,21.28,0.0,0.0
,AIE Mise à jour du CEP / MEC Update 1/28/2026,01/28/2026,298,100.0,42.95,0.34,0.0,0.0
,AIE Mise à jour du CEP / MEC Update 2/11/2026,02/11/2026,298,100.0,45.97,1.34,0.0,0.0
,AIE Mise à jour du CEP / MEC Update 2/13/2026,02/18/2026,298,100.0,47.99,0.67,0.0,0.0
,AIE Mise à jour du CEP / MEC Update 2/17/2026,02/17/2026,298,99.66,53.2,10.77,0.34,0.0
,AIE Mise à jour du CEP / MEC Update 2/20/2026,02/21/2026,297,100.0,71.04,0.34,0.0,0.0
,AimeeTesting01,01/14/2026,30,100.0,96.67,6.67,0.0,0.0
Jazz Aviation,Air C Announces Transfer of Flying to PAL Airlines,01/09/2026,1140,100.0,53.07,0.88,0.0,0.09
,Air Line Pilot November - January - February 2026,02/10/2026,88217,99.72,17.86,3.76,0.28,0.1
Amerijet Airlines,AJT Chair's Message 1.28.26 - Furloughs,01/28/2026,198,100.0,48.48,6.06,0.0,0.0
Amerijet Airlines,AJT Dispatch 1.10.26 - End of Year Message,01/10/2026,199,100.0,45.23,4.52,0.0,0.0
Amerijet Airlines,AJT MEC Alert 1.13.26 - AIMS Update,01/13/2026,200,100.0,40.5,3.0,0.0,0.0
Amerijet Airlines,AJT MEC Alert 1.19.26 - LTD Q&A with ALPA,01/19/2026,198,100.0,40.91,4.55,0.0,0.0
Amerijet Airlines,AJT MEC Alert 1.23.26-Open Enrollment Closes,01/23/2026,198,100.0,47.47,9.09,0.0,0.0
Amerijet Airlines,AJT MEC Alert 1.7.26 - Long-Term Disability Update,01/07/2026,198,100.0,38.89,2.53,0.0,0.0
Amerijet Airlines,AJT MEC Alert 2.3.26 - APC Tomorrow,02/03/2026,200,100.0,47.0,16.5,0.0,0.0
Amerijet Airlines,AJT MEC Update 1.30.26 - Furlough Support Next,01/30/2026,198,100.0,43.43,6.06,0.0,0.0
Amerijet Airlines,AJT ProStans 1.30.26 - MEC Furlough Source,01/30/2026,198,100.0,45.45,4.04,0.0,0.0
,ALA 059 Meeting Notice for 02-23-2026,02/13/2026,458,100.0,29.48,0.44,0.0,0.0
,ALA 059 Meeting Reminder for 02-23-2026,02/23/2026,458,100.0,64.41,0.44,0.0,0.0
,ALA 059 Save the Date RESCHED for 02-23-2026,01/14/2026,459,100.0,28.1,0.87,0.0,0.0
,ALA 183 Save the Date for 04-13-2026,02/23/2026,471,100.0,68.15,0.21,0.0,0.0
,Alaska HB 93,02/10/2026,302,100.0,27.48,0.33,0.0,0.0
PSA Airlines,All Pilot Call Links,02/12/2026,2023,100.0,47.01,6.57,0.0,0.0
,ALPA Canada Communique 1/16/26,01/16/2026,13342,99.99,37.56,3.29,0.01,0.06
,ALPA Canada Communique 1/20/25,01/20/2026,13346,99.99,39.95,3.71,0.01,0.02
,ALPA Canada Communique 1/30/26,01/31/2026,13313,99.95,40.5,0.05,0.05,0.02
,AND  for Tuesday February 24 2026,02/24/2026,47695,99.97,49.33,1.29,0.03,0.03
,AND for Friday February 13 2026,02/13/2026,47607,99.98,23.86,2.46,0.02,0.05
,AND for Friday February 20 2026,02/20/2026,47622,99.96,55.89,1.75,0.04,0.04
,AND for Friday February 6 2026,02/06/2026,47639,99.95,23.51,2.36,0.05,0.07
,AND for Friday January 16 2026,01/16/2026,47648,99.99,24.79,4.61,0.01,0.11
,AND for Friday January 23 2026,01/23/2026,47647,99.98,22.92,2.01,0.02,0.1
,AND for Friday January 30 2026,01/30/2026,47630,99.98,24.54,2.6,0.02,0.06
,AND for Friday January 9 2026,01/09/2026,47621,99.99,23.17,2.93,0.01,0.07
,AND for Monday February 2 2026,02/02/2026,47594,99.99,24.85,2.24,0.01,0.06
,AND for Monday February 23 2026,02/23/2026,47627,99.97,53.12,2.18,0.03,0.03
,AND for Monday February 9 2026,02/09/2026,47619,99.99,24.95,2.81,0.01,0.08
,AND for Monday January 12 2026,01/12/2026,47602,99.99,25.71,4.77,0.01,0.08
,AND for Monday January 26 2026,01/26/2026,47606,99.99,24.64,2.71,0.01,0.08
,AND for Monday January 5 2026,01/05/2026,47620,99.97,23.59,3.53,0.03,0.05
,AND for Thursday February 12 2026,02/12/2026,47628,99.99,30.42,2.21,0.01,0.06
,AND for Thursday February 19 2026,02/19/2026,47621,99.99,39.54,2.27,0.01,0.04
,AND for Thursday February 5 2026,02/05/2026,47534,99.95,23.54,2.51,0.05,0.05
,AND for Thursday January 15 2026,01/15/2026,47622,99.99,23.81,2.83,0.01,0.07
,AND for Thursday January 22 2026,01/22/2026,47633,99.98,23.11,2.31,0.02,0.09
,AND for Thursday January 29 2026,01/29/2026,47666,99.98,24.71,2.24,0.02,0.08
,AND for Thursday January 8 2026,01/08/2026,47561,99.98,22.85,2.47,0.02,0.08
,AND for Tuesday February 10 2026,02/10/2026,47628,99.99,24.99,2.72,0.01,0.06
,AND for Tuesday February 17 2026,02/17/2026,47617,99.99,23.78,1.82,0.01,0.06
,AND for Tuesday February 3 2026,02/03/2026,47590,99.98,23.97,2.17,0.02,0.05
,AND for Tuesday January 13 2026,01/13/2026,47593,99.99,22.98,1.35,0.01,0.09
,AND for Tuesday January 20 2026,01/20/2026,47629,99.98,24.65,3.56,0.02,0.09
,AND for Tuesday January 27 2026,01/27/2026,47586,99.99,23.89,2.47,0.01,0.07
,AND for Tuesday January 6 2026,01/06/2026,47603,99.98,23.62,2.88,0.02,0.07
,AND for Wednesday February 11 2026,02/11/2026,47601,99.98,24.84,1.9,0.02,0.07
,AND for Wednesday February 18 2026,02/18/2026,47598,99.99,25.55,2.15,0.01,0.05
,AND for Wednesday February 4 2026,02/04/2026,47564,99.97,23.1,2.39,0.03,0.06
,AND for Wednesday January 14 2026,01/14/2026,47585,99.95,23.25,3.18,0.05,0.08
,AND for Wednesday January 21 2026,01/21/2026,47596,99.98,23.71,2.51,0.02,0.1
,AND for Wednesday January 28 2026,01/28/2026,47604,99.99,24.8,2.53,0.01,0.07
,AND for Wednesday January 7 2026,01/07/2026,47578,99.94,22.67,2.58,0.06,0.06
,Andrew Schliep JAZ 220 cap 2.9.26,02/09/2026,286,100.0,53.15,2.8,0.0,0.0
,AP Free Ending February 28 2026,02/04/2026,65,100.0,66.15,23.08,0.0,1.54
,AP Free Ending Jan 31 2026,01/07/2026,62,100.0,67.74,29.03,0.0,1.61
,AP Opt- In W/Certs Feb 2026,02/04/2026,17,100.0,76.47,5.88,0.0,0.0
,AP Opt- In W/Certs Jan 2026,01/07/2026,27,100.0,85.19,22.22,0.0,0.0
,April 2026 PBS Newsletter,02/20/2026,1078,100.0,70.41,14.47,0.0,0.0
,April 7 Union Meeting TPA,01/27/2026,431,100.0,27.15,0.7,0.0,0.0
,Arnold Retirement,02/17/2026,344,100.0,34.88,2.91,0.0,0.0
Air Wisconsin (Custodianship),ARW -- Chair's Update 260205,02/05/2026,333,99.7,46.08,6.33,0.3,0.0
Air Wisconsin (Custodianship),ARW -- CSI Meeting 260116,01/17/2026,623,100.0,42.86,2.25,0.0,0.0
Air Wisconsin (Custodianship),ARW --Recalls and Vacancies 260109,01/09/2026,309,100.0,50.16,12.62,0.0,0.0
Air Transport Int'l,ATI Committee 2.6.26 - ALPA Orange Card,02/06/2026,550,100.0,47.27,5.64,0.0,0.0
Air Transport Int'l,ATI Hotline 1.14.26 - CNC Update,01/14/2026,545,100.0,45.69,3.49,0.0,0.0
Air Transport Int'l,ATI Hotline 1.28.26 - MEC Update,01/28/2026,545,100.0,58.53,21.65,0.0,0.0
Air Transport Int'l,ATI Hotline 2.11.26 - Recent Retirements,02/11/2026,555,100.0,48.65,4.68,0.0,0.0
Air Transport Int'l,ATI MEC Alert 1.16.26 - SBD Incident,01/16/2026,544,100.0,46.69,2.39,0.0,0.0
Air Transport Int'l,ATI MEC Alert 1.17.26 - SBD Incident Update,01/17/2026,548,100.0,48.72,5.66,0.0,0.0
Air Transport Int'l,ATI Skypointer 1.23.26 - Mediation Update,01/23/2026,543,100.0,46.41,3.5,0.0,0.0
Air Transport Int'l,ATI Skypointer 2.21.26 - Negotiations Update,02/21/2026,552,100.0,82.43,4.89,0.0,0.0
Air Transport Int'l,ATI Skypointer 2.3.26 - Mediation on Hold,02/03/2026,544,100.0,46.69,3.13,0.0,0.0
Air Transport Int'l,ATI Skypointer 2.9.26 - Mediation Dates,02/09/2026,556,100.0,46.04,2.7,0.0,0.18
,Ayer for Hansen MXY 144 str 2.24.26,02/24/2026,296,100.0,47.64,2.36,0.0,0.0
JetBlue,B6ALPA Pay 1-8-2026,01/08/2026,4498,100.0,32.17,0.64,0.0,0.0
,Barret Armann WJA MEC VCH 1.5.25,01/05/2026,2252,99.91,45.69,1.2,0.09,0.0
FedEx Express,Bereavement Committee - 2/11/26,02/12/2026,4942,99.96,27.96,0.61,0.04,0.02
Alaska Airlines,Bid Results 2026-06 Results,01/07/2026,3180,100.0,29.72,0.79,0.0,0.0
Alaska Airlines,Block Out and DOFT 1-5-25,01/05/2026,3275,99.97,30.48,0.52,0.03,0.03
,C-153 LSC February 2026,01/01/2026,233,100.0,36.48,3.0,0.0,0.0
,C-153 LSC March 2026,02/02/2026,227,100.0,37.0,2.64,0.0,0.0
,C-153 New Years 2025,01/01/2026,233,100.0,36.05,3.86,0.0,0.0
,C-57 756 Displacement Bid - 1/29/2026,01/29/2026,1221,100.0,31.37,2.78,0.0,0.0
,C-57 756 Displacement Bid - 1/8/2026,01/08/2026,1206,100.0,30.43,1.24,0.0,0.0
,C-57 Elevator Fixed message (copy),01/30/2026,1214,100.0,25.86,0.41,0.0,0.0
,C-57 Elevator INOP message,01/29/2026,1216,100.0,28.04,1.32,0.0,0.0
,C-57 Family Awareness Update - 1/2/26,01/02/2026,1201,100.0,28.39,5.0,0.0,0.0
,C-57 Family Awareness Update 1/20/2026,01/21/2026,1209,100.0,25.64,2.32,0.0,0.0
,C-57 February 2026 LSC Report - 1/7/2026,01/07/2026,1202,100.0,43.43,26.12,0.0,0.0
,C-57 FRMS Team Visit 1/14/26,01/14/2026,1207,100.0,27.92,0.41,0.0,0.08
,C-57 HNY,01/01/2026,1195,100.0,23.01,2.01,0.0,0.0
,C-57 In Memoriam Glenn Steckling,01/09/2026,1207,100.0,30.24,0.91,0.0,0.0
,C-57 March 2026 LSC Report - 2/8/26,02/08/2026,1205,100.0,46.31,26.39,0.0,0.0
,C-57 ORD AFA Picket 1/13/26,01/13/2026,1207,100.0,24.61,0.66,0.0,0.0
,C-57 Safety Committee Update - 1/2/26,01/02/2026,1201,100.0,26.81,0.58,0.0,0.0
,C-57 Virtual Town Hall Reminder,02/13/2026,1205,100.0,28.3,3.32,0.0,0.0
,C05 LEC March,02/08/2026,3390,100.0,15.37,1.71,0.0,0.03
,C057 January 2026 MEC Meeting Recap - 1/20/2026,01/21/2026,1215,100.0,30.37,3.46,0.0,0.0
,C1 1Q'26 Meeting - Save the Date 2.26.26,01/05/2026,1487,100.0,28.38,0.4,0.0,0.07
,C1 1Q'26 Meeting Notice REMINDER,02/23/2026,1492,100.0,65.95,0.34,0.0,0.0
,C1 Reliability Letters Update 01.30.26,01/30/2026,1496,100.0,44.72,17.05,0.0,0.13
,C1 Safety Short 01.29.26,01/29/2026,1496,100.0,33.36,0.87,0.0,0.13
,c11 2026 Winter Event Update,01/23/2026,1694,100.0,30.46,1.06,0.0,0.0
,c11 2026 Wx Event#2,01/24/2026,1693,99.82,35.15,3.67,0.18,0.0
,C11 FEB26 LSC Update,01/08/2026,1701,99.94,32.0,1.35,0.06,0.06
,C11 JAN26 MidMonth,01/19/2026,1698,100.0,31.92,2.77,0.0,0.0
,C11 JAN26 Monthly Update,01/04/2026,1699,99.94,34.57,8.72,0.06,0.0
,C11 LSC FEB26,02/07/2026,1687,100.0,34.56,4.03,0.0,0.06
,C11 Supports AFA,01/14/2026,1695,100.0,28.67,0.71,0.0,0.0
,C11 Vers2 JANUARY MEC MEETING SUMMARY,01/26/2026,1699,100.0,32.84,4.71,0.0,0.0
,C11Feb26 MonthlyUpdate,02/10/2026,1698,100.0,33.98,3.59,0.0,0.0
,C11FebFA Event,02/02/2026,1687,100.0,21.75,2.73,0.0,0.0
,C173 Feb LSC Report,01/06/2026,223,100.0,13.9,1.35,0.0,0.0
,C173 Mar LSC Report,02/06/2026,220,100.0,16.82,2.73,0.0,0.0
,C20 1Q'26 Meeting Notice (02.09.26),01/12/2026,1877,99.95,30.81,0.8,0.05,0.05
,C20 on the 20th Newsletter 01.20.26,01/20/2026,1885,100.0,32.94,2.07,0.0,0.0
,C20 on the 20th Newsletter 02.20.26,02/20/2026,1934,99.95,68.86,2.48,0.05,0.0
,C44 Meeting Notice for February 25 2026,01/05/2026,5327,100.0,26.84,0.69,0.0,0.06
,C44 Meeting Notice REMINDER for February 25 2026,02/17/2026,5404,99.98,27.84,0.43,0.02,0.0
,C5 Council Meeting and TopGolf Announcement,02/24/2026,10275,99.98,40.59,1.04,0.02,0.03
,C5 Family Awareness Hockey Night,01/22/2026,6807,99.97,5.83,1.32,0.03,0.04
,C5 Family Awareness Recap & Upcoming Events,01/03/2026,3420,99.97,6.41,1.4,0.03,0.03
,C5 Update - MEC Meeting,01/23/2026,3418,99.97,28.45,2.31,0.03,0.03
,C57 Virtual Town Hall,02/10/2026,1206,100.0,26.37,2.4,0.0,0.0
,C66 1Q'26 Meeting Notice 02.18.26 - UPDATED,02/18/2026,2896,100.0,29.21,0.38,0.0,0.0
,C66 1Q'26 Save the Date (02.18.26),02/03/2026,2930,99.93,27.83,0.31,0.07,0.03
,C66 March Family Awareness Hockey Game 02.02.26,02/02/2026,2935,99.97,9.88,2.93,0.03,0.03
,C66 on the 6th Update 01.06.26,01/06/2026,2930,99.93,10.55,4.95,0.07,0.03
,C66 on the 6th Update 02.06.26,02/06/2026,2938,99.83,7.6,1.4,0.17,0.07
Delta,CA_Bulletin_26_01_Profit_sharing_calculations,02/10/2026,16120,99.99,35.0,1.17,0.01,0.01
,CAN END OF YEAR LTR ACA CPT,01/06/2026,2659,99.96,38.11,5.79,0.04,0.04
,CAN END OF YEAR LTR ACA FO,01/06/2026,2923,99.97,43.94,3.76,0.03,0.14
,CAN END OF YEAR LTR CPT,01/06/2026,4072,99.93,38.78,8.13,0.07,0.1
,CAN END OF YEAR LTR FO,01/06/2026,3515,99.97,50.46,6.23,0.03,0.11
Delta,Chairman's Letter - January 9 2026,01/09/2026,16033,99.98,31.82,0.5,0.02,0.0
,Chairman's Update - 1/15/2026,01/16/2026,2012,100.0,47.66,1.64,0.0,0.0
PSA Airlines,Chairman's Update - 1/23/2026,01/23/2026,2034,100.0,46.46,1.13,0.0,0.05
PSA Airlines,Chairman's Update - 2/20/2026,02/20/2026,2019,99.9,69.16,2.33,0.1,0.1
PSA Airlines,Chairman's Update - 2/7/2026,02/07/2026,2009,100.0,47.54,2.24,0.0,0.05
PSA Airlines,Chairman's Weekly Update - 1/2/2026,01/02/2026,2047,100.0,46.41,0.59,0.0,0.15
Alaska Airlines,Chairmans New Year 01-01-26,01/01/2026,3275,100.0,28.58,0.61,0.0,0.0
,CI Approval Jan 2026,01/08/2026,39,100.0,48.72,0.0,0.0,0.0
,CJT 203 Meeting Notice - March 08 2026,02/23/2026,471,99.79,74.04,0.85,0.21,0.0
Cargo Jet,CJT CASC Update 1/8/2026,01/09/2026,529,100.0,44.61,0.76,0.0,0.0
Cargo Jet,CJT Chronicle January 2026,01/13/2026,532,100.0,47.37,2.44,0.0,0.0
Cargo Jet,CJT MEC Chronicle February 2026,02/06/2026,541,100.0,49.54,5.55,0.0,0.0
Cargo Jet,CJT MEC Update 2/18/2026,02/18/2026,532,100.0,55.26,5.26,0.0,0.0
Cargo Jet,CJT MEC Update 2/23/2026,02/23/2026,531,100.0,67.8,0.94,0.0,0.0
Cargo Jet,CJT MEC Update 2/3/2026,02/03/2026,531,100.0,52.73,15.63,0.0,0.0
Cargo Jet,CJT Negotiating Committee Update 1/20/2026,01/22/2026,543,100.0,51.38,7.0,0.0,0.0
Cargo Jet,CJT Negotiating Committee Update 1/30/2026,01/30/2026,537,99.81,56.16,13.62,0.19,0.0
Cargo Jet,CJT P2P Update 2/11/2026,02/11/2026,534,100.0,52.62,14.23,0.0,0.0
Cargo Jet,CJT Security Update 1/3/2026,01/03/2026,530,100.0,47.17,0.57,0.0,0.38
Cargo Jet,CJT Security Update 2/22/2026,02/22/2026,531,100.0,72.69,0.94,0.0,0.0
Kalitta Air,CKS Fastread 1-16-2026,01/16/2026,905,100.0,39.78,3.87,0.0,0.0
Kalitta Air,CKS Fastread 1-2-2026,01/02/2026,909,100.0,40.48,3.41,0.0,0.0
Kalitta Air,CKS Fastread 1-23-26,01/23/2026,925,100.0,38.81,2.38,0.0,0.22
Kalitta Air,CKS Fastread 1-9-2026,01/09/2026,908,100.0,38.88,0.44,0.0,0.0
Kalitta Air,CKS MEC Update 1-30-2026,01/30/2026,922,100.0,45.44,8.13,0.0,0.0
Kalitta Air,CKS MEC Update 2-13-2026,02/13/2026,921,100.0,43.11,3.69,0.0,0.0
Kalitta Air,CKS MEC Update 2-20-2026 Where We Stand,02/20/2026,924,100.0,76.3,4.87,0.0,0.0
,CKS MEC Update 2-6-2026,02/10/2026,924,100.0,40.15,4.44,0.0,0.11
Kalitta Air,CKS Safety Update Israel Ozone 777ERSF 2-18-2026,02/18/2026,924,100.0,42.1,0.43,0.0,0.22
Kalitta Air,CKS Safety Update: Winter 2026 Safety Newsletter,02/11/2026,921,100.0,46.47,16.83,0.0,0.0
Kalitta Air,CKS Scheduling Committee Update 01-30-2026,01/30/2026,924,100.0,58.55,35.71,0.0,0.0
Calm Air,CMA FAMILY AWARENESS DAY 1/07/2026,01/07/2026,186,100.0,47.85,0.0,0.0,0.0
Calm Air,CMA FAMILY AWARENESS DAY 1/15/2026,01/15/2026,188,100.0,43.62,0.53,0.0,0.0
Calm Air,CMA FAMILY AWARENESS DAY 1/21/2026,01/21/2026,186,100.0,39.78,0.54,0.0,0.0
Calm Air,CMA FAMILY AWARENESS DAY 2/03/2026,02/03/2026,186,100.0,40.86,0.54,0.0,0.0
Calm Air,CMA MEC Update 1/28/2026,01/28/2026,187,100.0,42.25,2.14,0.0,0.0
,CMA PILOT ASSISTANCE UPDATE 2/23/2026,02/23/2026,188,100.0,60.64,4.79,0.0,0.0
Calm Air,CMA SURVEY 1/06/2026,01/06/2026,187,100.0,37.97,0.53,0.0,0.0
CommuteAir,CMT CASC 2.8.26 - ALPA Ops Bulletin,02/08/2026,427,100.0,48.01,1.64,0.0,0.0
CommuteAir,CMT Contrail 1.20.26 - MEC Update,01/20/2026,440,100.0,47.27,5.23,0.0,0.0
CommuteAir,CMT Contrail 1.6.26 - Happy New Year!,01/06/2026,436,100.0,51.61,9.86,0.0,0.0
CommuteAir,CMT Contrail 2.17.26 - MEC Update,02/17/2026,443,100.0,47.18,6.32,0.0,0.0
CommuteAir,CMT Contrail 2.3.26 - PBS Reserve Bidding,02/03/2026,438,100.0,44.98,3.42,0.0,0.0
CommuteAir,CMT MEC Update - Townhall Reminder,02/19/2026,438,100.0,45.21,8.22,0.0,0.0
CommuteAir,CMT MEC Update 2.13.26 - Upcoming CCC Townhall,02/13/2026,429,100.0,47.32,2.56,0.0,0.0
CommuteAir,CMT NC 1.5.26 - MOU 3 Signed,01/05/2026,435,100.0,47.13,2.53,0.0,0.0
CommuteAir,CMT Scheduling 1.10.26 - Feb. Bid Date,01/10/2026,435,100.0,45.98,0.69,0.0,0.0
CommuteAir,CMT Scheduling 2.9.26 - Bidding Tips,02/09/2026,427,100.0,48.01,1.41,0.0,0.0
CommuteAir,CMT SECURITY COMMUNIQUE - 022426,02/24/2026,436,100.0,62.61,0.23,0.0,0.0
,CNB 222 Update 02-09-2026,02/10/2026,98,100.0,51.02,3.06,0.0,0.0
,CNB 240 Nomination & Election Info 01-05-2026,01/05/2026,90,100.0,58.89,25.56,0.0,0.0
,CNB MEC Update 1/6/2026,01/07/2026,316,100.0,55.06,3.8,0.0,0.0
,CNB MEC Update 2/20/2026,02/20/2026,307,100.0,74.59,21.17,0.0,0.0
,CNB Negotiating Committee Update 2/17/2026,02/17/2026,308,100.0,50.0,2.27,0.0,0.0
,CNB Negotiating Committee Update 2/2/2026,02/03/2026,311,100.0,53.05,3.54,0.0,0.0
PSA Airlines,CNC and NSW Reminder,01/28/2026,2037,99.95,47.35,0.29,0.05,0.15
,CO FAMLI Information,02/02/2026,1970,100.0,35.33,2.79,0.0,0.0
,Collings for Hansen MXY 144 str 2.12.26,02/12/2026,294,100.0,32.31,4.08,0.0,0.0
,Colorado Paid FAMLI Benefits,02/12/2026,1079,100.0,30.77,1.85,0.0,0.0
Jazz Aviation,Committee Resignations,02/06/2026,1135,100.0,53.66,0.88,0.0,0.0
Hawaiian,Company Boarding Door Policy,01/17/2026,1218,99.92,38.29,2.96,0.08,0.0
,Council 12 - Family Awareness Event Update,02/07/2026,2641,100.0,29.57,2.5,0.0,0.0
,Council 12 - PUB Event 2/25 - Naperville,02/13/2026,2635,99.96,31.85,2.7,0.04,0.0
,Council 12 Update - 01/03/2026,01/04/2026,2618,100.0,32.12,2.48,0.0,0.0
,Council 12 Update - 02012026,02/01/2026,2623,99.92,14.65,5.0,0.08,0.0
,Council 12 Update - 02022026 (2),02/02/2026,2625,99.96,32.66,3.47,0.04,0.0
,Council 12 Update - C12 Pub Night Cancelled,02/23/2026,2633,99.96,66.22,0.99,0.04,0.0
,Council 12 Update - February 26 LSC Report,01/04/2026,2611,100.0,12.37,2.6,0.0,0.0
,Council 12 Update - March 26 LSC Report,02/07/2026,2637,100.0,31.7,1.63,0.0,0.0
,Council 12 Update - Support AFA Picketing 1/15/26,01/12/2026,2617,100.0,29.08,1.64,0.0,0.0
,Council 172 Update - February 24 2026,02/24/2026,343,100.0,55.1,3.79,0.0,0.0
,Council 172 Update - January 13 2026,01/13/2026,344,100.0,29.36,1.45,0.0,0.0
,Council 172 Update - January 28 2026,01/29/2026,349,99.71,37.07,3.74,0.29,0.0
,Council 172 Update - January 4 2026,01/04/2026,344,100.0,26.16,4.07,0.0,0.0
,Council 172 Update - January 5 2026,01/05/2026,345,100.0,32.46,2.03,0.0,0.0
,Council 172 Update - January 9 2026,01/09/2026,345,100.0,35.36,2.9,0.0,0.0
FedEx Express,Council 22 Message - 1/8/26,01/08/2026,1385,100.0,30.11,1.95,0.0,0.07
FedEx Express,Council 24 Message - 1/6/26,01/06/2026,422,100.0,32.7,2.13,0.0,0.24
FedEx Express,Council 24 Message - 2/17/26,02/17/2026,419,100.0,37.47,7.4,0.0,0.0
FedEx Express,Council 26 Message - 2/9/26,02/09/2026,1306,100.0,32.16,5.36,0.0,0.0
,Council 500 Message - 1/22/26,01/23/2026,210,100.0,32.86,4.76,0.0,0.0
FedEx Express,Council 500 Message - 1/30/26,01/30/2026,207,100.0,33.33,1.93,0.0,0.0
,Council 93 Update,01/24/2026,2151,99.91,29.92,1.26,0.09,0.0
Hawaiian,Crew Meals: Jan. 2026 Update,01/03/2026,1211,100.0,38.81,2.64,0.0,0.0
,DAL 016 Alert 01-23-2026,01/23/2026,1202,100.0,34.36,2.25,0.0,0.0
,DAL 016 Update 02-02-2026,02/03/2026,1209,100.0,34.16,1.74,0.0,0.0
,DAL 048 School House Feed 02-06-2026,02/06/2026,491,99.59,31.29,3.68,0.41,0.0
,DAL 054 Save the Date for 03-31-2026,02/09/2026,1350,100.0,31.19,0.3,0.0,0.07
,DAL 054 Update 01-30-2026,01/30/2026,1338,100.0,35.8,4.33,0.0,0.22
,DAL 054 Update 02-11-2026,02/13/2026,1343,99.93,34.87,2.53,0.07,0.07
,DAL 081 Meeting Notice for 01-29-2026,01/27/2026,1419,100.0,35.73,0.78,0.0,0.0
,DAL 081 Update 01-16-2026,01/16/2026,1409,100.0,38.18,1.42,0.0,0.0
,DAL 081 Update 02-13-2026,02/13/2026,1415,100.0,14.49,2.54,0.0,0.14
,Darren King JAZ MEC TREAS 1.23.26,01/23/2026,992,100.0,47.08,0.71,0.0,0.0
,DEN Security Reminder,02/09/2026,1978,100.0,38.27,6.98,0.0,0.0
,Dependent Spouse Update Notice,01/16/2026,299,100.0,33.11,2.34,0.0,0.33
,Dependent Spouse Update Reminder,02/10/2026,202,99.5,26.87,1.99,0.5,0.0
,Dernier vol Capt Mario Defoy,01/05/2026,1225,99.92,29.74,3.84,0.08,0.08
,Discount End Feb 282026,02/04/2026,79,100.0,55.7,17.72,0.0,0.0
,Discount End Jan 312026,01/07/2026,128,100.0,51.56,14.84,0.0,0.0
,Displacement 26-06D Update,02/05/2026,1081,99.81,27.34,1.02,0.19,0.0
,Door Closure 01-16-26,01/16/2026,3264,100.0,33.39,1.23,0.0,0.0
Jazz Aviation,Early Retirement Program 2026,01/15/2026,1139,100.0,47.5,0.53,0.0,0.09
,EDV 125 Nomination & Election Info - Feb. 10 2026,02/10/2026,235,100.0,37.87,9.79,0.0,0.0
,EDV 125 Nomination & Election Info - Jan. 06 2026,01/06/2026,251,100.0,40.64,11.95,0.0,0.4
,EDV 125 Nomination & Election Info - Jan. 22 2026,01/22/2026,235,100.0,37.87,11.49,0.0,0.0
,EDV 127 Meeting Notice - February 20 2026,02/18/2026,325,100.0,50.46,0.62,0.0,0.0
,EDV 127 Update - January 13 2026,01/13/2026,332,100.0,50.3,0.6,0.0,0.0
,EDV 128 Meeting Notice - February 27 2026,01/22/2026,185,100.0,37.84,1.62,0.0,0.0
,EDV 128 Nomination & Election Info - Jan. 05 2026,01/05/2026,195,99.49,37.63,15.46,0.51,0.0
,EDV 128 Nomination & Election Info - Jan. 21 2026,01/21/2026,183,100.0,35.52,9.29,0.0,0.0
Endeavor Air,EDV Correction Com,02/20/2026,1786,99.94,74.62,0.45,0.06,0.0
Endeavor Air,EDV Final Award 26-01,02/12/2026,1775,100.0,55.04,22.25,0.0,0.06
Endeavor Air,EDV Hotline 250109,01/09/2026,1774,100.0,46.11,1.13,0.0,0.11
Endeavor Air,EDV Hotline 250123,01/23/2026,1751,100.0,47.29,1.14,0.0,0.06
Endeavor Air,EDV Hotline 251230,01/02/2026,1766,99.94,45.67,2.1,0.06,0.06
Endeavor Air,EDV Hotline 260129,01/30/2026,1750,100.0,50.51,9.14,0.0,0.06
Endeavor Air,EDV Hotline 260206,02/06/2026,1770,99.94,49.86,0.85,0.06,0.0
Endeavor Air,EDV Hotline 260213,02/13/2026,1773,100.0,48.73,4.51,0.0,0.0
Endeavor Air,EDV Hotline 260220,02/20/2026,1786,99.94,71.71,0.62,0.06,0.0
Endeavor Air,EDV Hotline 261701,01/16/2026,1745,99.94,47.53,3.44,0.06,0.11
Endeavor Air,EDV PBS Hotline - March Regular Bid,02/11/2026,1776,100.0,45.66,1.18,0.0,0.0
Endeavor Air,EDV PBS Hotline: March Early Bid,02/04/2026,1749,99.89,46.71,0.92,0.11,0.0
Endeavor Air,EDV Special Update: 26-01 Initial Award 2.5.26,02/05/2026,1745,100.0,54.15,16.33,0.0,0.0
Endeavor Air,EDV Special Update: Jan 6 2025,01/07/2026,1763,99.94,45.06,0.57,0.06,0.11
Endeavor Air,EDV Special Update: MEC Meeting Day 1,01/19/2026,1746,100.0,47.14,0.63,0.0,0.06
Endeavor Air,EDV Special Update: MEC Meeting Recap Day 3,01/21/2026,1745,99.94,12.5,0.63,0.06,0.06
Endeavor Air,EDV Special Update: Water Advisory,01/28/2026,1748,99.94,48.83,0.34,0.06,0.0
Endeavor Air,EDV Vacancy 250126,01/16/2026,1744,100.0,54.76,17.03,0.0,0.06
,EIB Thank you,02/05/2026,1959,99.85,23.47,0.26,0.15,0.05
,ENY 126 Nomination & Election Info - Jan. 21 2026,01/21/2026,435,100.0,28.05,3.68,0.0,0.0
,ENY 126 Nomination & Election Info - Jan. 5 2026,01/05/2026,435,100.0,28.51,5.52,0.0,0.0
,ENY 131  Family Awareness Event - March 7,02/23/2026,236,100.0,67.37,1.69,0.0,0.0
,ENY 131 Comm - January 13 2026,01/13/2026,223,100.0,33.63,0.45,0.0,0.0
Envoy Air,ENY-AP-02 – Successful Training,02/23/2026,112,100.0,62.5,1.79,0.0,0.0
Envoy Air,ENY-AP-03 – Simulator Tips,02/23/2026,109,100.0,74.31,1.83,0.0,0.0
Envoy Air,ENY-AP-04 - IOE Tips and Tricks,02/23/2026,78,100.0,76.92,0.0,0.0,2.56
Envoy Air,ENY-AP-05 - ALPA Services Available,02/23/2026,74,100.0,66.22,2.7,0.0,0.0
Envoy Air,ENY-AP-06 – Local ALPA Structure,02/16/2026,80,100.0,63.75,20.0,0.0,0.0
Envoy Air,ENY-AP-07 – ALPA National Structure,02/23/2026,80,100.0,61.25,1.25,0.0,0.0
Envoy Air,ENY-AP-08 – Understanding Pay on Reserve,02/16/2026,83,100.0,55.42,0.0,0.0,0.0
Envoy Air,ENY-AP-09 – Volunteer!,02/23/2026,104,100.0,65.38,0.0,0.0,0.0
Envoy Air,ENY: 2024 Dues Reconciliation 01.06.26,01/07/2026,2397,100.0,44.6,0.79,0.0,0.0
Envoy Air,ENY: 2026 Flow Pause,02/20/2026,2430,100.0,74.86,0.91,0.0,0.0
,ENY: Contract Compliance: 15.H Witholding,01/22/2026,2412,99.92,48.92,0.75,0.08,0.0
Envoy Air,ENY: Hotel Committee Newsletter 01.13.26,01/13/2026,2373,100.0,46.4,0.88,0.0,0.0
Envoy Air,ENY: Hotels Without Water & Your Rights 01.23.26,01/24/2026,2414,100.0,47.8,0.7,0.0,0.0
Envoy Air,ENY: In Memoriam of Captain Nick Kelly,01/30/2026,2452,100.0,47.02,0.98,0.0,0.04
Envoy Air,ENY: January TDY 01.09.26,01/09/2026,2390,100.0,47.36,1.13,0.0,0.0
Envoy Air,ENY: MEC Update: PVR and GDL Security Update,02/23/2026,2431,100.0,72.19,0.74,0.0,0.04
Envoy Air,ENY: MIA Base Visit Reminder,01/05/2026,2395,99.96,40.1,0.5,0.04,0.0
Envoy Air,ENY: Newsblast: Potential Mass Cancellations,01/23/2026,2414,100.0,50.0,6.88,0.0,0.0
Envoy Air,ENY: Q4 2025 Newsletter 01.08.26,01/12/2026,2374,100.0,46.0,2.99,0.0,0.08
Envoy Air,ENY: Remembering PSA Airlines Flight 5342,01/29/2026,2453,100.0,25.68,0.9,0.0,0.04
Envoy Air,ENY: Special MEC Meeting Notice 01.08.26,01/08/2026,2397,99.96,44.87,1.21,0.04,0.0
Envoy Air,ENY: Vacancy Bid + Guidance 01.23.26,01/23/2026,2413,100.0,47.24,0.83,0.0,0.0
Envoy Air,ENY: Vacancy Results 02.13.26,02/13/2026,2423,99.96,49.01,0.91,0.04,0.0
Envoy Air,ENY: Veteran Affairs Message 01.29.26,01/30/2026,2451,100.0,43.86,0.73,0.0,0.0
Envoy Air,ENY: Vice Chair Election Results,01/09/2026,2391,100.0,43.54,0.75,0.0,0.0
Envoy Air,ENY: Winter 2026 Pilot Hour Part 1: 02.24.26,02/24/2026,2431,100.0,64.09,0.7,0.0,0.04
Envoy Air,ENY_March_ Scheduling_Newsletter_2.12.26,02/12/2026,2423,99.96,50.33,2.27,0.04,0.0
,FA Informational Picket ORD Jan 26,01/14/2026,429,100.0,28.9,0.47,0.0,0.0
,FastRead - 20260129,02/03/2026,71378,99.99,8.68,2.06,0.01,0.06
Air Canada,Fastread - Feb 2,02/02/2026,5528,100.0,48.73,9.39,0.0,0.0
,FastRead - Redesign 2026 Update Test 003,01/28/2026,17,100.0,82.35,11.76,0.0,0.0
,FastRead National - 01/23/2026,01/27/2026,71313,99.99,7.68,1.75,0.01,0.06
,FastRead National - 02/05/2026,02/05/2026,71248,99.94,11.27,4.69,0.06,0.04
,FastRead National - 02/12/2026,02/12/2026,71330,99.99,8.77,1.57,0.01,0.03
,FastRead National - 02/20/2026,02/21/2026,71382,99.93,60.22,1.81,0.07,0.02
,FastRead National 01/08/2026,01/08/2026,71272,99.98,26.56,1.3,0.02,0.07
,FastRead National 01/15/2026,01/27/2026,71261,99.99,28.46,3.14,0.01,0.07
,FastRead National 01/22/2026,01/28/2026,21,100.0,90.48,19.05,0.0,0.0
,FastRead National New Test - 02/12/2026,02/18/2026,32,100.0,59.38,3.13,0.0,0.0
,FastRead National Test - 02/12/2026,02/13/2026,32,90.63,96.55,24.14,9.38,0.0
,FastRead Redesign 01.23.2026 Test 001,01/23/2026,22,100.0,81.82,13.64,0.0,0.0
,FDX 007 Blk 8 P2P Town Hall - Feb. 13 2026,02/09/2026,468,100.0,41.03,7.69,0.0,0.0
,FDX 007 Blk 8 Update - Feb. 19 2026,02/19/2026,462,100.0,50.65,0.43,0.0,0.22
,FDX 022 Meeting Notice - Jan. 14 2026,01/06/2026,1375,100.0,26.62,0.29,0.0,0.07
,FDX 022 Update - Feb. 13 2026,02/13/2026,1340,100.0,34.03,4.1,0.0,0.07
,FDX 022 Update - Feb. 18 2026,02/18/2026,1339,100.0,32.04,4.63,0.0,0.0
,FDX 022 Update - Feb. 23 2026,02/23/2026,1337,100.0,79.36,7.33,0.0,0.0
,FDX 022 Update - Jan. 23 2026,01/23/2026,1341,99.93,33.13,6.19,0.07,0.07
,FDX 026 Blk 6  & 11 Update - Feb.11 2026,02/11/2026,853,100.0,31.18,9.73,0.0,0.0
,FDX 026 Blk 6  & 11 Update - Feb.18 2026,02/18/2026,850,100.0,35.65,4.12,0.0,0.0
,FDX 026 Blk 6 P2P Town Hall - Jan. 26 2026,01/26/2026,452,100.0,32.3,12.83,0.0,0.0
,FDX 026 Blk 6 Update - Feb. 4 2026,02/04/2026,453,99.78,38.94,3.98,0.22,0.0
,FDX 026 Blk 6 Update - Jan. 5 2026,01/05/2026,463,100.0,31.53,2.38,0.0,0.0
,FDX 026 Nomination & Election Info - Feb. 18 2026,02/18/2026,1293,100.0,45.78,29.47,0.0,0.0
,FDX 026 Nomination & Election Info - Jan. 14 2026,01/14/2026,1320,99.92,41.32,28.51,0.08,0.0
,FDX 026 Nomination & Election Info - Jan. 30 2026,01/30/2026,1301,100.0,46.2,33.9,0.0,0.0
,FDX 026 Update - Jan. 26 2026,01/26/2026,1294,100.0,34.85,8.04,0.0,0.0
FedEx Express,FDX MEC FastRead (Fact Team) - 1/23/26,01/23/2026,4949,99.98,29.16,2.51,0.02,0.02
FedEx Express,FDX MEC FastRead (TA Section 26) - 1/21/26,01/26/2026,4953,100.0,49.61,29.9,0.0,0.04
FedEx Express,FDX MEC FastRead (TA Section 7 & 21) - 2/12/26,02/12/2026,4941,99.96,48.94,27.13,0.04,0.02
FedEx Express,FDX MEC FastRead (TA Section 8) - 2/5/26,02/05/2026,4951,99.98,46.57,26.93,0.02,0.02
FedEx Express,FDX MEC FastRead - 2/17/26,02/18/2026,4929,100.0,32.64,2.52,0.0,0.0
FedEx Express,FDX MEC FastRead - 2/19/26,02/19/2026,4928,99.98,39.5,0.81,0.02,0.0
,FDX MEM JCM Notice - Jan. 14 2026,01/12/2026,4021,100.0,27.28,0.6,0.0,0.05
,Feb 2026 LSC,01/07/2026,3400,100.0,19.06,10.32,0.0,0.06
,FEB 2026 Meeting Reminder #1,01/06/2026,1070,99.91,20.58,0.56,0.09,0.0
,FEB 2026 Meeting Reminder #2,02/11/2026,2134,99.91,23.97,0.56,0.09,0.0
,feb26lsc,01/07/2026,429,100.0,27.04,0.93,0.0,0.0
,February 2026 LSC Report,01/08/2026,2689,100.0,6.99,0.78,0.0,0.0
,February 2026 LSC Update,01/06/2026,345,100.0,32.46,2.61,0.0,0.0
FedEx Express,February 2026 SIG Notes - 1/12/26,01/12/2026,4957,99.98,58.33,46.61,0.02,0.0
,February 26 update,02/13/2026,217,100.0,39.17,2.3,0.0,0.0
Frontier Airlines,FFT - 1/26 MEC Meeting Update,01/16/2026,2232,100.0,40.95,0.9,0.0,0.0
,FFT - ALPA 101 #7 (OT Min Monthly Credit),01/15/2026,2224,99.91,41.58,0.63,0.09,0.05
Frontier Airlines,FFT - ATL Event Canceled,01/13/2026,229,100.0,41.48,1.31,0.0,0.0
Frontier Airlines,FFT - ATL FA Event,01/10/2026,2249,99.96,35.19,0.93,0.04,0.0
Frontier Airlines,FFT - CBA 3.M,01/21/2026,2233,99.96,42.92,3.45,0.04,0.04
Frontier Airlines,FFT - DFW family awareness event,01/20/2026,188,100.0,43.62,14.36,0.0,0.0
Frontier Airlines,FFT - Fume Events,01/05/2026,2192,100.0,41.56,0.5,0.0,0.05
Frontier Airlines,FFT - New Year New Benefits,01/09/2026,2231,99.96,10.58,0.49,0.04,0.0
Frontier Airlines,FFT - Open Climb #1 - New Hire,02/19/2026,96,98.96,61.05,2.11,1.04,0.0
Frontier Airlines,FFT - Open Climb #11 - Contract 202,02/09/2026,32,100.0,56.25,0.0,0.0,0.0
Frontier Airlines,FFT - Open Climb #2 - New Hire,02/09/2026,46,100.0,52.17,0.0,0.0,4.35
Frontier Airlines,FFT - Open Climb #2-10 - ALPA Insurace,02/11/2026,46,100.0,54.35,2.17,0.0,0.0
Frontier Airlines,FFT - Open Climb #21 - ALPA PPS Is here for You!,02/10/2026,24,100.0,58.33,0.0,0.0,0.0
Frontier Airlines,FFT - Open Climb #22 - Contract 204,02/02/2026,19,100.0,47.37,0.0,0.0,0.0
Frontier Airlines,FFT - Open Climb #3 - Engage your Mentor,02/16/2026,85,100.0,48.24,0.0,0.0,0.0
Frontier Airlines,FFT - Open Climb #4 - New Hire,02/23/2026,84,100.0,61.9,0.0,0.0,0.0
Frontier Airlines,FFT - Open Climb #6 - How to Contact ALPA,02/23/2026,54,100.0,50.0,1.85,0.0,0.0
Frontier Airlines,FFT - Open Climb #7 - New Hire - Contract 101,02/16/2026,108,100.0,56.48,0.0,0.0,0.0
Frontier Airlines,FFT - Open Climb #8 - Orange Card,02/23/2026,107,100.0,68.22,0.93,0.0,0.0
Frontier Airlines,FFT - Open Climb #9 - Contract 201,02/16/2026,68,100.0,63.24,4.41,0.0,0.0
Frontier Airlines,FFT - SPSC Feb Event,01/03/2026,2192,100.0,36.82,0.32,0.0,0.0
Frontier Airlines,FFT - Status Conference,01/07/2026,2191,100.0,40.85,1.19,0.0,0.0
Frontier Airlines,FFT - Town Hall,02/18/2026,2240,100.0,47.19,15.76,0.0,0.0
,FFT 165 Update - Feb. 3 2026,02/03/2026,731,100.0,42.13,1.64,0.0,0.0
,FFT 165 Update - Jan. 5 2026,01/05/2026,732,100.0,39.89,1.37,0.0,0.0
Frontier Airlines,FFT ALPA 101 1-28-2026,01/28/2026,2224,100.0,40.65,0.36,0.0,0.0
Frontier Airlines,FFT alpa 101 2-6-2026,02/06/2026,2254,99.87,39.05,0.22,0.13,0.0
Frontier Airlines,FFT Charles Schwab Message,02/14/2026,2249,100.0,36.02,2.09,0.0,0.0
Frontier Airlines,FFT Clarity 2-2-2026,02/06/2026,2257,99.96,46.28,11.79,0.04,0.0
Frontier Airlines,FFT Communications Update: TextCaster Looping,02/02/2026,2260,100.0,41.55,1.73,0.0,0.0
Frontier Airlines,FFT Earnings Call Message,02/10/2026,2258,100.0,49.11,13.99,0.0,0.0
Frontier Airlines,FFT Hotel 2-22-2026,02/23/2026,2281,100.0,70.5,0.22,0.0,0.0
Frontier Airlines,FFT Inside Alpa #15 - ALPA PAC,02/23/2026,2278,100.0,67.95,0.88,0.0,0.0
Frontier Airlines,fft inside alpa 13 2-12-2026,02/12/2026,2250,100.0,38.98,0.58,0.0,0.0
Frontier Airlines,FFT Jumpseat 2-19-2026,02/19/2026,2288,99.96,50.24,0.31,0.04,0.0
Frontier Airlines,FFT Live Stream 2-17-2026,02/17/2026,2246,100.0,48.75,15.18,0.0,0.0
Frontier Airlines,FFT MEC 2-13-2026,02/13/2026,2257,100.0,42.93,0.62,0.0,0.0
Frontier Airlines,FFT Mentorship 2-7-2026,02/07/2026,2252,99.96,42.43,0.36,0.04,0.0
Frontier Airlines,FFT Mexico 2-23-2026,02/23/2026,2277,100.0,70.93,0.22,0.0,0.0
Frontier Airlines,FFT PPS 2-19-2026,02/19/2026,2288,99.96,52.56,0.13,0.04,0.04
Frontier Airlines,FFT Town Hall 2-16-2026,02/16/2026,2247,100.0,46.6,14.11,0.0,0.04
Frontier Airlines,FFT Town Hall Recording 2-19-2026,02/19/2026,2287,99.96,61.55,11.59,0.04,0.0
Flair Airlines,FLE MEC 2/09/2026,02/09/2026,338,100.0,50.3,0.59,0.0,0.0
Flair Airlines,FLE MEC ALERT 2/19/2026,02/19/2026,334,100.0,59.28,0.9,0.0,0.0
Flair Airlines,FLE MEC SECURITY ALERT 2/23/2026,02/23/2026,335,100.0,71.04,1.19,0.0,0.0
Flair Airlines,FLE MEC TOWN HALL LINK 2/18/2026,02/18/2026,333,100.0,52.55,16.22,0.0,0.0
Flair Airlines,FLE MEC UNIFORM UPDATE 2/10/2026,02/10/2026,336,100.0,48.51,0.89,0.0,0.0
Flair Airlines,FLE MEC UPDATE 1/01/2026,01/01/2026,339,100.0,46.61,0.59,0.0,0.0
Flair Airlines,FLE MEC UPDATE 1/19/2026,01/19/2026,337,100.0,49.55,3.26,0.0,0.0
Flair Airlines,FLE MEC UPDATE 1/23/2026,01/23/2026,337,100.0,45.7,0.59,0.0,0.0
Flair Airlines,FLE MEC Update 1/30/2026,01/30/2026,336,100.0,48.81,0.89,0.0,0.0
Flair Airlines,FLE MEC UPDATE 109/2025,01/09/2026,342,100.0,50.0,0.0,0.0,0.0
Flair Airlines,FLE MEC UPDATE 2/13/2026,02/13/2026,336,100.0,49.4,0.3,0.0,0.0
Flair Airlines,FLE MEC UPDATE 2/16/2026,02/16/2026,336,100.0,46.43,0.6,0.0,0.0
Flair Airlines,FLE MEC UPDATE 2/20/2026,02/20/2026,335,100.0,71.04,0.3,0.0,0.0
Flair Airlines,FLE NEGOTIATIONS UPDATES 1/14/2026,01/14/2026,339,100.0,50.15,0.88,0.0,0.0
Flair Airlines,FLE NEGOTIATIONS UPDATES 1/22/2026,01/22/2026,337,100.0,45.99,0.3,0.0,0.0
Flair Airlines,FLE NEGOTIATIONS UPDATES 2/05/2026,02/05/2026,335,100.0,48.66,0.3,0.0,0.0
Flair Airlines,FLE NEGOTIATIONS UPDATES 2/19/2026,02/19/2026,335,100.0,56.72,2.69,0.0,0.0
Flair Airlines,FLE SAFETY ALERT 2/22/2026,02/22/2026,336,100.0,76.19,0.0,0.0,0.0
Flair Airlines,FLE SCHEDULING UPDATE #2 2/05/2026,02/06/2026,337,100.0,46.59,0.3,0.0,0.0
Flair Airlines,FLE TOWN HALL INFO 1/15/2026,01/15/2026,679,100.0,55.67,13.55,0.0,0.0
PSA Airlines,Flight 5342 Anniversary Letter,01/29/2026,2020,99.95,43.78,0.45,0.05,0.05
PSA Airlines,Flight 5342 Memorial Information,01/20/2026,2034,99.95,48.06,0.59,0.05,0.05
PSA Airlines,Flight 5342 Reminder/Transportation,01/28/2026,2037,99.95,45.04,1.92,0.05,0.05
FedEx Express,Fly By Night - 1/8/26,01/08/2026,4957,100.0,45.63,28.79,0.0,0.0
FedEx Express,Fly By Night - 2/13/26,02/13/2026,4943,99.98,35.17,11.11,0.02,0.06
FedEx Express,Fly By Night - 2/18/26,02/18/2026,4929,100.0,38.65,11.02,0.0,0.0
FedEx Express,Fly By Night - 2/5/26,02/05/2026,4950,99.92,46.62,28.67,0.08,0.02
,FR2026-anotherRound,01/14/2026,27,100.0,92.59,14.81,0.0,0.0
,FRaimee,01/21/2026,42,100.0,100.0,23.81,0.0,0.0
Delta,FRMT Update - February 2026,01/11/2026,16029,99.99,35.51,11.82,0.01,0.01
Hawaiian,From the Chair: Enforcing Our PWA,02/11/2026,1216,100.0,42.85,5.35,0.0,0.0
,From the President - 1/20/2026,01/20/2026,513,100.0,46.2,10.72,0.0,0.19
,From the President - 1/29/2026,01/29/2026,72494,99.99,26.15,0.31,0.01,0.06
,From the President - 2/19/2026,02/19/2026,60683,99.98,28.89,0.05,0.02,0.06
,Frpizza,01/22/2026,40,100.0,85.0,15.0,0.0,0.0
,FTFPL - From the VC,01/22/2026,1963,99.95,35.83,1.83,0.05,0.1
,G Renaud JAZ MEC chr 1.15.26,01/15/2026,993,100.0,51.16,2.01,0.0,0.0
,Gil Renaud JAZ MEC CHR 1.20.26,01/20/2026,992,100.0,52.82,4.03,0.0,0.0
,Gil Renaud JAZ MEC CHR 1.8.26,01/09/2026,992,100.0,56.45,4.54,0.0,0.0
,Global news stress,01/05/2026,223,100.0,31.39,1.35,0.0,0.0
FedEx Express,Grievance Committee Message - 1/31/26,01/31/2026,4950,99.98,30.69,2.26,0.02,0.04
Hawaiian,Grievance: CCR Response Delays,02/12/2026,1216,100.0,41.2,2.88,0.0,0.0
,HAL 060 Informational Briefing - February 19 2026,02/17/2026,144,100.0,48.61,11.81,0.0,0.0
,HAL 060 Informational Briefing - January 22 2026,01/20/2026,144,100.0,45.14,12.5,0.0,0.0
,HAL 065 Save the Date  - March 31 2026,02/06/2026,1043,99.71,35.67,0.1,0.29,0.0
,headertest-ah,02/14/2026,41,100.0,100.0,9.76,0.0,0.0
,Helpdesk-AI Use within the ASSOC-S CREED  (UPDATE),02/06/2026,6340,100.0,38.36,0.63,0.0,0.0
Alaska Airlines,hot cabin version 2,02/09/2026,3346,100.0,35.15,0.96,0.0,0.0
Air Canada,In Memoriam: First Officer Robert Reid,01/07/2026,5524,99.98,38.58,0.29,0.02,0.02
Air Canada,Insurance and Benefits,02/13/2026,5527,100.0,45.05,0.38,0.0,0.0
,Interim CA Election,01/13/2026,227,100.0,37.89,2.2,0.0,0.0
,IP LTR,01/08/2026,148,100.0,58.78,5.41,0.0,0.0
,Jan26 MEC Recap,01/19/2026,224,100.0,21.88,8.93,0.0,0.0
,January 2026 C34 Monthly,01/21/2026,2694,100.0,34.08,7.76,0.0,0.04
Delta,January 2026 RCC Report,01/10/2026,16029,99.99,43.45,22.15,0.01,0.0
,Jaspal Brah JAZ MEC STR 1.20.26,01/20/2026,992,100.0,51.11,0.81,0.0,0.0
,JAZ 220 Update 01-20-2026,01/20/2026,303,100.0,54.13,1.65,0.0,0.0
,JAZ 220 Update 1 for 01-05-2026,01/06/2026,308,100.0,52.6,3.57,0.0,0.0
,JAZ 220 Update 2 for 01-05-2026,01/06/2026,307,100.0,52.44,1.95,0.0,0.0
,JAZ 223 Meeting Notice for 03-13-2026,02/11/2026,308,100.0,46.1,0.65,0.0,0.0
,JAZ 226 Chair and Interim FO Rep Update 01-07-2026,01/08/2026,194,100.0,62.89,10.82,0.0,0.52
,JAZ 226 Meeting Notice for 01-13-2026,01/07/2026,192,100.0,51.56,1.56,0.0,0.52
,JAZ 226 Nomination & Election Info - Jan. 06 2026,01/06/2026,191,100.0,58.12,32.98,0.0,0.52
,JAZ 226 Nomination & Election Info - Jan. 22 2026,01/22/2026,185,100.0,61.62,40.0,0.0,0.0
,JAZ 226 Update 01-12-2026,01/12/2026,192,100.0,55.21,11.98,0.0,0.52
,JAZ 226 Update 01-27-2026,01/27/2026,188,100.0,55.32,0.53,0.0,0.0
,JAZ 226 Update 01-29-2026,01/29/2026,187,100.0,57.75,2.14,0.0,0.0
,JAZ 231 Update 02-10-2026,02/11/2026,261,100.0,51.72,3.07,0.0,0.38
Jazz Aviation,JAZ MEC Direct - Feb 18 2026,02/18/2026,1148,100.0,54.79,3.83,0.0,0.0
Jazz Aviation,JAZ MEC Direct - Feb 7 2026,02/07/2026,1145,100.0,55.02,4.19,0.0,0.0
JetBlue,JBU  FA Event 1-29-2026,01/29/2026,4486,100.0,30.78,1.11,0.0,0.0
,JBU 191 Meeting Notice for 02-11-2026,01/27/2026,1611,100.0,28.0,0.37,0.0,0.06
,JBU 191 Meeting Reminder for 02-11-2026,02/09/2026,1612,100.0,27.54,0.5,0.0,0.06
,JBU 191 Save the Date 2 for 02-11-2026,01/06/2026,1594,100.0,27.04,0.44,0.0,0.0
,JBU 191 Update 01-26-2026,01/27/2026,1621,100.0,31.52,0.56,0.0,0.06
,JBU 193 Reminder 01-16-2026 FA Event,01/15/2026,1326,100.0,22.85,0.75,0.0,0.0
,JBU 193 Save the Date for 03-26-2026,02/02/2026,1324,100.0,29.68,0.45,0.0,0.0
,JBU 193 Update 01-24-2026,01/24/2026,1320,99.92,34.34,2.88,0.08,0.0
,JBU 193 Update 01-29-2026,01/29/2026,1318,100.0,36.42,0.83,0.0,0.0
,JBU 193 Update 02-06-2026,02/06/2026,1323,100.0,33.71,0.76,0.0,0.0
,JBU 195 Meeting Notice for 03-19-2026,01/27/2026,546,100.0,29.67,1.28,0.0,0.0
,JBU 197 FLL Update 01-13-2026,01/13/2026,813,100.0,27.68,0.25,0.0,0.0
,JBU 197 Save the Date for 03-25-2026 SJU,01/26/2026,806,100.0,21.71,0.37,0.0,0.0
,JBU 197 Save the Date for 03-27-2026 FLL,01/26/2026,806,100.0,23.95,0.5,0.0,0.0
,JBU 197 SJU Update 01-13-2026,01/13/2026,813,100.0,28.41,0.49,0.0,0.25
,JBU 197 Update 02-12-2026,02/12/2026,818,99.88,31.46,1.59,0.12,0.0
,JBU 199 Meeting Notice for 01-11-2026,01/07/2026,230,100.0,26.96,1.3,0.0,0.0
,JBU 199 Update 01-16-2026,01/21/2026,232,100.0,29.31,1.72,0.0,0.0
,JBU 199 Vice Chair's Update 01-09-2026,01/09/2026,234,100.0,28.21,1.71,0.0,0.0
JetBlue,JBU B6 Caribbean Operations 1-3-2026,01/03/2026,4501,100.0,33.41,1.42,0.0,0.0
JetBlue,JBU Chair Message 1-16-2026,01/16/2026,4497,99.96,32.77,1.65,0.04,0.0
JetBlue,JBU Comm Conn 1-28-2026,01/28/2026,4492,100.0,33.68,2.25,0.0,0.0
JetBlue,JBU Grievance 2-23-2026,02/23/2026,4512,99.98,68.59,0.58,0.02,0.0
JetBlue,JBU IROP 2-22-2026,02/22/2026,4513,99.98,73.8,2.9,0.02,0.0
JetBlue,JBU MEC Surveys 2-24-2026,02/24/2026,4511,100.0,59.72,2.59,0.0,0.0
JetBlue,JBU NC 1-23-2026,01/23/2026,4494,99.98,31.07,0.42,0.02,0.0
JetBlue,JBU NC Update 2-20-2026,02/20/2026,4513,99.96,71.67,0.31,0.04,0.02
JetBlue,JBU P2P Call 1-23-2026,01/23/2026,168,100.0,50.0,20.83,0.0,0.0
JetBlue,JBU P2P Call 2-20-2026,02/20/2026,179,100.0,78.77,35.75,0.0,0.0
JetBlue,JBU P2P JTF 1-2-2026,01/02/2026,168,100.0,41.07,7.14,0.0,0.0
JetBlue,JBU P2P JTF 1-29-2026,01/29/2026,174,100.0,43.68,5.17,0.0,0.0
JetBlue,JBU SPSC 1-20-2026,01/20/2026,4503,99.98,31.94,0.98,0.02,0.0
JetBlue,JBU SSC PBS 1-20-2026,01/30/2026,4488,100.0,33.33,1.09,0.0,0.0
JetBlue,JBU SSC Survey 2-11-2026,02/11/2026,4519,99.98,43.58,18.68,0.02,0.0
JetBlue,JBU Weekly 1-2-2026,01/02/2026,4499,100.0,36.67,10.56,0.0,0.0
JetBlue,JBU Weekly 1-23-2026,01/23/2026,4494,99.98,37.61,12.46,0.02,0.02
JetBlue,JBU Weekly 1-9-2026,01/09/2026,4496,100.0,31.74,1.85,0.0,0.02
JetBlue,JBU Weekly 2-13-2026,02/13/2026,4518,99.96,37.93,7.17,0.04,0.0
JetBlue,JBU Weekly 2-6-2026,02/06/2026,4523,99.93,35.71,5.97,0.07,0.0
JetBlue,JBU Weekly Update 1-16-2026,01/16/2026,4495,99.96,37.28,11.8,0.04,0.0
JetBlue,JBU Weekly Update 1-30-2026,01/30/2026,4488,100.0,36.41,7.53,0.0,0.0
JetBlue,JBU Weekly Update 2-20-2026,02/20/2026,4512,99.96,71.49,6.08,0.04,0.0
,Jim Atkinson PDT 29 ca 1.8.26,01/09/2026,323,100.0,47.06,1.55,0.0,0.0
Alaska Airlines,JNC Direct: Negotiations Update - January 15 2026,01/15/2026,4458,100.0,32.64,1.17,0.0,0.0
Alaska Airlines,JNC Direct: Negotiations Update - January 23 2026,01/23/2026,4476,99.78,32.45,0.78,0.22,0.0
,Katie Kelly MXY 144 str 1.29.26,01/29/2026,293,99.66,42.47,1.37,0.34,0.0
Keewatin Air,KEW MEC Update 1/5/2026,01/05/2026,208,100.0,58.65,0.48,0.0,0.0
Keewatin Air,KEW MEC Update 1/9/2026,01/09/2026,210,100.0,60.48,1.9,0.0,0.0
Kelowna Flightcraft,KFC MEC UPDATE 1/13/2025,01/13/2026,48,100.0,58.33,16.67,0.0,0.0
Air Canada,Las Vegas Golf Tournament 2026,02/17/2026,5520,100.0,38.1,4.37,0.0,0.0
Air Canada,Last Flight Karen Mundell,01/28/2026,5516,100.0,28.77,0.22,0.0,0.05
Alaska Airlines,LEC 67 Update 01-28-26,02/03/2026,1536,100.0,38.93,13.74,0.0,0.0
FedEx Express,LOSA FastRead - 1/5/26,01/05/2026,4958,99.98,26.57,1.11,0.02,0.0
,LSC Update - Jan 2026,01/09/2026,1066,99.91,29.2,1.31,0.09,0.0
,LSC Update 2/6/2026,02/06/2026,1081,100.0,26.36,0.83,0.0,0.0
Mesa Air Group,MAG Hotline 20260102,01/02/2026,524,100.0,36.26,3.24,0.0,0.0
Mesa Air Group,MAG Hotline 20260109,01/09/2026,1038,100.0,38.34,2.41,0.0,0.0
Mesa Air Group,MAG Hotline 20260116,01/16/2026,523,100.0,38.05,5.35,0.0,0.0
Mesa Air Group,MAG Hotline 20260123,01/23/2026,523,100.0,37.48,3.82,0.0,0.0
Mesa Air Group,MAG Hotline 20260130,01/30/2026,523,99.81,38.7,2.87,0.19,0.0
Mesa Air Group,MAG Hotline 20260206,02/06/2026,521,100.0,43.76,16.7,0.0,0.0
Mesa Air Group,MAG Hotline 20260213,02/13/2026,519,100.0,38.54,3.08,0.0,0.0
Mesa Air Group,MAG Merger Update - February 19 2026,02/19/2026,527,100.0,52.94,1.52,0.0,0.0
Mesa Air Group,MAG Merger Update - January 15 2026,01/15/2026,520,100.0,39.04,7.12,0.0,0.0
Mesa Air Group,MAG Merger Update - January 20 2026,01/20/2026,526,100.0,43.73,16.54,0.0,0.0
Mesa Air Group,MAG Merger Update - January 23 2026,01/23/2026,525,100.0,41.52,13.33,0.0,0.0
Mesa Air Group,MAG Merger Update - January 9 2026,01/09/2026,521,100.0,41.65,2.88,0.0,0.0
Mesa Air Group,MAG Safety - Exercise Caution in Travel to Mexico,02/24/2026,525,100.0,57.14,2.1,0.0,0.0
Mesa Air Group,MAG Scheduling Committee - February Update,02/09/2026,525,99.81,40.08,1.53,0.19,0.19
Mesa Air Group,MAG Scheduling Committee - January Update,01/12/2026,521,100.0,36.85,0.58,0.0,0.0
Mesa Air Group,MAG Slice of Safety - Land and Hold Short Ops,02/10/2026,521,99.81,35.96,1.54,0.19,0.0
,MAL MEC Update 1/14/25,01/20/2026,217,100.0,35.02,1.84,0.0,0.0
,Mar 26 LSC Update,02/07/2026,426,100.0,28.4,0.23,0.0,0.0
PSA Airlines,March 2026 Combined Bid/Award Package,02/05/2026,2017,100.0,49.13,0.79,0.0,0.1
Delta,March 2026 FRMT Update,02/10/2026,16119,99.98,34.97,9.66,0.02,0.0
,March 2026 LSC Report,02/09/2026,2694,99.96,9.8,0.97,0.04,0.0
,March 2026 LSC Update,02/07/2026,344,100.0,33.43,2.62,0.0,0.0
,March 2026 PBS Newsletter,01/21/2026,1064,100.0,36.65,19.17,0.0,0.0
FedEx Express,March 2026 SIG Notes - 2/9/26,02/09/2026,4947,100.0,57.99,44.57,0.0,0.04
,March Fam Awareness Event 2026,01/25/2026,227,100.0,40.53,13.66,0.0,0.0
Delta,MEC Alert 26-02: MOU 25-05 Update - Sick/Well,01/07/2026,16045,99.96,34.77,2.68,0.04,0.0
,MEC Alert 26-03_Reliability_Letters,01/20/2026,16065,99.98,37.13,4.61,0.02,0.01
Delta,MEC Alert 26-04_Security_Update_Resources,02/23/2026,16162,100.0,70.79,3.49,0.0,0.01
Delta,MEC Alert 26_01_Security_Update,01/03/2026,16048,99.96,31.16,0.4,0.04,0.0
Hawaiian,MEC Alert: Global Entry and TSA PreCheck Access,02/22/2026,1214,100.0,77.35,0.49,0.0,0.0
Hawaiian,MEC Alert: LOA 26-01: Surfer Leave Amendments,02/03/2026,1216,100.0,34.38,1.64,0.0,0.0
,MEC Brief 26_01_Reliability,02/02/2026,16083,99.99,34.56,0.96,0.01,0.0
Delta,MEC Brief 26_02_Sick_Leave_FAQs,02/09/2026,16119,99.98,35.48,1.12,0.02,0.0
FedEx Express,MEC Chair Message - 1/1/26,01/01/2026,4958,99.94,27.77,0.63,0.06,0.0
FedEx Express,MEC Chair Message - 2/12/26,02/12/2026,4942,99.96,42.49,18.66,0.04,0.02
FedEx Express,MEC FastRead - 1/15/26,01/15/2026,4953,99.98,26.86,0.79,0.02,0.0
FedEx Express,MEC FastRead - 2026 1Q Day 1,01/12/2026,4957,99.98,31.74,6.54,0.02,0.04
FedEx Express,MEC FastRead - 2026 1Q Day 2 - 1/13/26,01/13/2026,4955,99.98,29.43,3.31,0.02,0.04
FedEx Express,MEC FastRead - 2026 1Q Meeting Day 5,01/16/2026,4952,99.96,27.66,0.97,0.04,0.02
FedEx Express,MEC FastRead: 1Q Meeting Day 4,01/15/2026,4956,99.96,30.74,6.36,0.04,0.02
,MEC Jane26,01/24/2026,431,100.0,28.07,1.86,0.0,0.0
Alaska Airlines,MEC Meeting Announcement January 2026,01/06/2026,3274,99.97,35.2,12.47,0.03,0.0
Alaska Airlines,MEC Meeting Recap 1-15-25,01/15/2026,3294,100.0,35.67,9.78,0.0,0.0
Delta,MEC News - December 15 2026,01/15/2026,16069,99.99,15.52,10.23,0.01,0.0
Delta,MEC News - February 12 2026,02/12/2026,16169,99.98,35.34,5.93,0.02,0.0
Delta,MEC News - February 19 2026,02/19/2026,16166,99.97,28.83,9.58,0.03,0.0
Delta,MEC News - February 5 2026,02/05/2026,16082,99.87,18.48,12.46,0.13,0.02
Delta,MEC News - January 22 2026,01/22/2026,16061,99.98,8.48,2.2,0.02,0.01
,MEC News - January 29 2026,02/02/2026,16097,100.0,13.85,7.55,0.0,0.01
Delta,MEC News - January 8 2026,01/08/2026,16038,99.98,12.26,7.23,0.02,0.0
Jazz Aviation,MEC Officer Election Results,01/27/2026,1136,100.0,53.26,1.94,0.0,0.0
Air Canada,MEC Update - January,01/14/2026,5524,100.0,49.6,15.28,0.0,0.04
Alaska Airlines,MEC update 01-08-26,01/08/2026,3277,100.0,45.83,24.08,0.0,0.0
Alaska Airlines,MEC update 01-22-26,01/22/2026,3318,99.97,38.83,10.43,0.03,0.0
Alaska Airlines,MEC Update 02-19-26,02/19/2026,3348,99.7,59.29,13.99,0.3,0.0
Alaska Airlines,MEC Update 2-3-26,02/03/2026,3328,99.97,36.28,6.76,0.03,0.0
,MEC Update: Caribbean Airspace Closures,01/05/2026,17734,99.97,30.02,2.61,0.03,0.03
United Airlines,MEC Update: Feb 25 R&I,02/24/2026,17856,99.99,60.31,0.5,0.01,0.02
Hawaiian,MEC Update: February 21 2026,02/21/2026,1214,99.84,79.79,15.68,0.16,0.0
United Airlines,MEC Update: February 22 2026 - NYC-WAS IRROPS,02/22/2026,17860,99.98,72.12,3.38,0.02,0.01
United Airlines,MEC Update: January 13 2026 - MEC Meeting Update,01/13/2026,17723,99.99,31.81,3.55,0.01,0.03
Hawaiian,MEC Update: January 22 2026,01/22/2026,1224,100.0,47.79,17.48,0.0,0.0
Hawaiian,MEC Update: January 29 2026,01/29/2026,1216,100.0,38.73,1.89,0.0,0.0
United Airlines,MEC Update: Update - Caribbean Airspace Closures,01/03/2026,17733,99.97,29.01,1.55,0.03,0.03
United Airlines,MEC Weekly Update: February 12 2026,02/12/2026,17751,100.0,36.89,11.57,0.0,0.01
United Airlines,MEC Weekly Update: February 19 2026,02/19/2026,17813,99.98,47.3,3.53,0.02,0.01
United Airlines,MEC Weekly Update: February 5 2026,02/05/2026,17709,99.98,34.66,9.65,0.02,0.01
United Airlines,MEC Weekly Update: Jan 16 2026,01/16/2026,17764,99.99,31.95,7.39,0.01,0.03
United Airlines,MEC Weekly Update: Jan 22 2026,01/22/2026,17752,99.98,35.1,10.78,0.02,0.03
United Airlines,MEC Weekly Update: January 29 2026,01/29/2026,17770,99.99,32.52,5.39,0.01,0.03
United Airlines,MEC Weekly Update: January 8 2026,01/08/2026,17731,99.98,31.36,3.81,0.02,0.03
Delta,MEC_Meeting_AUS_PUB_Event_MARCH_4_2026,02/20/2026,222,100.0,54.95,7.21,0.0,0.0
Jazz Aviation,Message from Chair,02/06/2026,1136,100.0,53.61,1.67,0.0,0.0
Alaska Airlines,Mexico Security Comm 02-23-26,02/23/2026,3346,99.97,75.25,1.17,0.03,0.0
,Michael Wimmer JAZ MEC VCH 1.12.26,01/12/2026,992,100.0,53.02,2.22,0.0,0.0
,Mike Elsenrath fdx 26 sbr 11 1.20.26,01/20/2026,1296,100.0,24.77,1.47,0.0,0.0
,MLDP Approval Feb 2026,02/04/2026,57,100.0,45.61,1.75,0.0,1.75
Breeze Airways,MXY From the Chairman Update 01.20.26,01/20/2026,528,100.0,47.54,11.55,0.0,0.19
Breeze Airways,MXY MEC Update: January Meeting Recap,01/12/2026,524,100.0,33.97,3.24,0.0,0.0
Breeze Airways,MXY MEC Update: Sick Bank Changes,01/06/2026,521,100.0,35.51,0.96,0.0,0.0
Breeze Airways,MXY: 01.23.25 All-Pilot Call Invite,01/19/2026,525,100.0,32.38,2.48,0.0,0.19
Breeze Airways,MXY: 01.23.26 All-Pilot Call Reminder,01/23/2026,537,100.0,32.96,3.91,0.0,0.19
Breeze Airways,MXY: 02.02.26 ALPA All-Pilot Call Invite,02/02/2026,540,100.0,36.11,2.41,0.0,0.0
Breeze Airways,MXY: 02.05.26 ALPA All-Pilot Call Reminder,02/05/2026,540,100.0,29.81,3.33,0.0,0.0
Breeze Airways,MXY: ALPA All-Pilot Call Invite 02.17.26,02/17/2026,534,100.0,32.4,2.43,0.0,0.0
Breeze Airways,MXY: ALPA All-Pilot Call Reminder 02.19.26,02/19/2026,539,100.0,33.95,3.34,0.0,0.0
Breeze Airways,MXY: An Update from S/T CA Phil Collings,01/10/2026,524,100.0,35.11,2.29,0.0,0.0
Breeze Airways,MXY: APC Invite 01.06.26,01/08/2026,523,100.0,27.34,1.91,0.0,0.0
Breeze Airways,MXY: APC Reminder Invite 01.09.26,01/09/2026,526,100.0,28.33,3.04,0.0,0.0
Breeze Airways,MXY: From the Chair Message 01.22.26,01/22/2026,537,100.0,38.36,0.74,0.0,0.19
Breeze Airways,MXY: From the Chair: Special Chairman Update,01/21/2026,526,100.0,37.45,8.37,0.0,0.19
Breeze Airways,MXY: From the Chairman,02/04/2026,543,100.0,38.12,1.47,0.0,0.18
Breeze Airways,MXY: From the Chairman 01.27.26,01/27/2026,538,99.81,36.13,7.64,0.19,0.37
Breeze Airways,MXY: From the Chairman 02.09.26,02/09/2026,542,100.0,36.16,0.74,0.0,0.0
Breeze Airways,MXY: From the Chairman: Feb. Update,02/20/2026,539,100.0,59.55,0.93,0.0,0.0
Breeze Airways,MXY: Join us for a MEC Meet & Greet this Week!,01/06/2026,521,100.0,30.71,2.88,0.0,0.0
Breeze Airways,MXY: Jumpseat Update: Avelo 01.27.26,01/28/2026,535,100.0,38.13,1.12,0.0,0.19
Breeze Airways,MXY: Propelling Breeze Newsletter Jan. Edition #2,01/29/2026,537,100.0,36.69,4.84,0.0,0.19
Breeze Airways,MXY: Propelling Breeze Newsletter: Feb. Edition #2,02/24/2026,540,100.0,55.37,3.15,0.0,0.0
Breeze Airways,MXY: The Parley: Feb. Negotiations Update,02/19/2026,540,100.0,44.07,2.59,0.0,0.0
Breeze Airways,MXY: The Parley: Part 1: State of Negotiations,01/16/2026,526,99.81,36.19,4.76,0.19,0.0
Breeze Airways,MXY: The Parley: Part 2: Inside Section 8,01/17/2026,529,99.81,35.61,3.79,0.19,0.0
Breeze Airways,MXY: Upcoming MXY 144 MEC S/T Election,01/23/2026,536,100.0,34.33,1.12,0.0,0.37
Breeze Airways,MYX Propelling Breeze January Edition #1,01/14/2026,527,99.81,36.12,7.03,0.19,0.19
Breeze Airways,MYX: Propelling Breeze Newsletter Feb. Edition #1,02/12/2026,537,100.0,37.24,1.12,0.0,0.0
,NC FA C173 Event reminder,02/13/2026,220,100.0,18.64,2.27,0.0,0.0
FedEx Express,Negotiating Committee Message - 1/15/26,01/15/2026,4952,99.98,30.9,1.47,0.02,0.0
,Negotiating Committee Message - 1/24/26,01/24/2026,4948,99.92,32.16,1.48,0.08,0.02
FedEx Express,Negotiating Committee Message - 1/30/26,01/31/2026,4949,99.98,32.38,1.62,0.02,0.0
FedEx Express,Negotiating Committee Message - 2/14/26,02/14/2026,4932,99.98,35.1,1.24,0.02,0.0
FedEx Express,Negotiating Committee Message - 2/7/26,02/07/2026,4947,100.0,33.52,1.5,0.0,0.0
,New C93 Council Calendar,02/18/2026,1079,100.0,34.75,8.99,0.0,0.0
,New Hire Welcome Feb 2026,02/03/2026,385,100.0,57.66,10.65,0.0,0.0
,New Hire Welcome Jan 2026,01/07/2026,223,100.0,58.3,8.97,0.0,0.0
,New Year 26,01/01/2026,428,100.0,23.83,0.93,0.0,0.0
,Nick Hayward JAZ MEC SEC 1.20.26,01/20/2026,993,100.0,49.04,0.81,0.0,0.0
Envoy Air,NY_Feb_ Scheduling_Newsletter_1.12.26,01/12/2026,2372,100.0,17.16,3.04,0.0,0.0
,Org-JASON-Welcome Aboard Air Creebec Pilots!,02/20/2026,118,100.0,68.64,16.1,0.0,0.0
,Org-Sean-Welcome to ALPA - Meet Your Temp Reps,02/23/2026,117,100.0,80.34,5.13,0.0,0.0
,Org-Sean-Welcome to ALPA! Become a Member Today,02/24/2026,57,100.0,66.67,17.54,0.0,0.0
,Org-Sean-Welcome to ALPA: Please Complete Your MR,02/24/2026,98,100.0,61.22,15.31,0.0,0.0
,Organizing Air Creebec Pilots File Cards with CIRB,01/09/2026,117,100.0,54.7,11.11,0.0,0.0
,Organizing Air Creebec What to Expect,01/20/2026,117,100.0,49.57,12.82,0.0,0.0
Hawaiian,Pass Travel: Atmos Upgrade & Deadhead Updates,02/24/2026,1215,100.0,64.2,1.23,0.0,0.0
Hawaiian,Pass Travel: Atmos Upgrades and PWA Protections,02/09/2026,1216,99.92,41.32,1.23,0.08,0.0
Hawaiian,Pass Travel: Deadheads,02/18/2026,1215,100.0,45.68,1.15,0.0,0.0
Air Canada,Passing Notice - Gary William Bradford,02/13/2026,5522,100.0,31.15,0.22,0.0,0.0
Hawaiian,Pay: Door Pay on Pay Statements,02/23/2026,1214,100.0,75.45,0.99,0.0,0.0
Hawaiian,Pay: Pay Statement Access via AAGPeople,01/07/2026,1210,99.92,45.66,14.72,0.08,0.0
Hawaiian,Pay: PBP-Eligible Earnings and UltiPro,02/14/2026,1215,100.0,42.63,2.88,0.0,0.0
Hawaiian,Pay: Reading Your New Pay Statement,01/26/2026,1216,100.0,52.3,25.0,0.0,0.0
Hawaiian,Pay: Update on Payroll Transition,01/09/2026,1208,99.92,37.61,1.16,0.08,0.0
PAL Airlines,PBA DID YOU KNOW 2é06é2026,02/06/2026,257,100.0,44.75,0.39,0.0,0.0
PAL Airlines,PBA JUMPSEAT UPDATE 1/22/2026,01/22/2026,254,100.0,43.31,0.79,0.0,0.0
PAL Airlines,PBA MEC UPDATE 1/05/2026,01/06/2026,251,100.0,44.62,8.37,0.0,0.0
PAL Airlines,PBA MEC UPDATE 1/23/2026,01/23/2026,254,100.0,44.49,0.39,0.0,0.0
PAL Airlines,PBA MEC Update 1/29/2026,01/29/2026,256,100.0,40.23,0.39,0.0,0.39
PAL Airlines,PBA MEC UPDATE 2/13/2026,02/13/2026,254,100.0,44.88,0.0,0.0,0.0
PAL Airlines,PBA MEC UPDATE 2/20/2026,02/20/2026,256,100.0,64.06,0.39,0.0,0.0
PAL Airlines,PBA Message From the Chair 1/28/2026,01/28/2026,256,100.0,45.7,1.17,0.0,0.0
PAL Airlines,PBA SAFETY COMM 2/16/2026,02/17/2026,255,100.0,45.49,0.39,0.0,0.0
Alaska Airlines,PBS Hot Topic #13,01/05/2026,3275,99.97,46.98,27.46,0.03,0.0
Endeavor Air,PBS Hotline February Early Bid,01/04/2026,1765,99.83,13.45,0.96,0.17,0.17
Endeavor Air,PBS Hotline: Feb Regular Bid,01/11/2026,1772,99.94,13.66,1.47,0.06,0.17
,PBS Newsletter - 1.5.2026,01/21/2026,17729,99.98,36.36,14.88,0.02,0.03
,PDT 029 Nomination & Election Info - Feb. 10 2026,02/10/2026,463,100.0,31.32,7.13,0.0,0.0
,PDT 029 Nomination & Election Info - Jan. 06 2026,01/06/2026,460,100.0,32.83,8.7,0.0,0.0
,PDT 029 Nomination & Election Info - Jan. 22 2026,01/22/2026,456,100.0,33.77,10.31,0.0,0.0
,PDT 035 Meeting Notice - February 21 2026,02/06/2026,315,100.0,50.48,0.0,0.0,0.32
,PDT 035 REMINDER Meeting Notice - 2/21/2026,02/18/2026,340,100.0,46.47,0.0,0.0,0.0
Piedmont,PDT Across the Table 1.15.26 - Jan. Negots Update,01/15/2026,882,100.0,47.51,1.25,0.0,0.11
Piedmont,PDT Across the Table 2.17,02/17/2026,885,100.0,48.81,1.47,0.0,0.0
Piedmont,PDT Digest 1.16.26 - Extensions,01/16/2026,876,100.0,48.86,4.45,0.0,0.11
Piedmont,PDT Digest 1.29.26 - Newsletter Publishing Change,01/29/2026,886,99.89,47.57,3.39,0.11,0.11
Piedmont,PDT Digest 2.12.26 - LEC Updates,02/12/2026,883,100.0,48.58,7.36,0.0,0.11
Piedmont,PDT Gazette 20260109,01/09/2026,886,100.0,48.87,2.48,0.0,0.11
Piedmont,PDT Gazette 20260123,01/23/2026,887,100.0,52.65,10.48,0.0,0.23
Piedmont,PDT Gazette 20260205,02/05/2026,884,99.89,20.95,6.12,0.11,0.11
Piedmont,PDT Gazette Feb. 19 2026,02/19/2026,897,100.0,61.87,10.37,0.0,0.0
Piedmont,PDT MEC Alert 1.23.26 - Cancelled Flying/Standby,01/23/2026,884,100.0,50.45,1.81,0.0,0.11
Sun Country,Pilot Education Campaign - Mergers Explained Ep. 1,01/16/2026,696,100.0,47.13,11.21,0.0,0.0
Jazz Aviation,Pilot Position Bid 2026 - 1,01/15/2026,1139,100.0,50.22,0.53,0.0,0.0
,POE 272 Nomination & Election Info 02-10-2026,02/10/2026,118,100.0,59.32,19.49,0.0,0.0
,POE 272 Save the Date for 03-09-2026,02/04/2026,119,100.0,57.14,1.68,0.0,0.0
,POE 272 Update 01-07-2026,01/07/2026,126,100.0,56.35,1.59,0.0,0.0
,POE 274 Save the Date for 03-12-2026 & 04-09-2026,02/02/2026,160,100.0,53.75,1.88,0.0,0.0
,POE 276 Nom & Election Information 01-22-2026,01/22/2026,548,99.82,56.31,16.82,0.18,0.18
,POE 276 Nomination & Election Info - Jan. 06 2026,01/06/2026,548,99.82,47.53,16.64,0.18,0.0
,POE 276 Nomination & Election Info 02-10-2026,02/10/2026,548,100.0,51.46,14.6,0.0,0.0
,POE 276 Save the Date for 04-16-2026,02/18/2026,549,100.0,56.47,0.73,0.0,0.0
,POE 276 Secretary-Treasurer's Update 01-08-2026,01/09/2026,592,99.83,50.25,1.35,0.17,0.0
Porter,POE MEC Update 1/14/2026,01/14/2026,924,99.89,52.76,1.73,0.11,0.11
Porter,POE Negotiating Committee Update - January 2026,01/22/2026,925,99.89,52.06,0.54,0.11,0.11
Porter,POE NN February,02/06/2026,922,100.0,54.88,0.76,0.0,0.0
Porter,POE Pilot Update - February 13 2026,02/13/2026,922,99.89,53.64,2.5,0.11,0.0
Porter,POE Pilot Update - January 12 2026,01/12/2026,926,100.0,54.0,0.86,0.0,0.22
Porter,POE Pilot Update - January 23 2026,01/23/2026,924,100.0,50.97,0.22,0.0,0.11
Porter,POE Pilot Update - January 30 2026,01/30/2026,920,100.0,54.24,2.28,0.0,0.0
Porter,POE Pilot Update - January 5 2026,01/05/2026,924,99.89,46.37,1.41,0.11,0.11
Porter,POE Urgent Update - Base Closure,02/04/2026,939,100.0,56.23,1.06,0.0,0.0
Porter,POE Urgent Update - February 22 2026 PVR ALERT,02/22/2026,922,99.89,78.83,1.41,0.11,0.0
Porter,POE Urgent Update - January 20 2026,01/20/2026,919,100.0,53.43,1.09,0.0,0.11
FedEx Express,Positive Rate Weekly - 1/14/26,01/14/2026,4955,99.96,30.69,6.58,0.04,0.02
FedEx Express,Positive Rate Weekly - 1/20/26,01/20/2026,4949,99.96,29.88,6.23,0.04,0.02
FedEx Express,Positive Rate Weekly - 1/27/26,01/27/2026,4950,100.0,35.09,11.09,0.0,0.02
FedEx Express,Positive Rate Weekly - 1/6/26,01/06/2026,4958,99.98,34.92,11.92,0.02,0.0
FedEx Express,Positive Rate Weekly - 2/10/26,02/11/2026,4945,100.0,34.68,10.74,0.0,0.06
FedEx Express,Positive Rate Weekly - 2/18/26,02/18/2026,4928,100.0,35.37,7.73,0.0,0.0
FedEx Express,Positive Rate Weekly - 2/24/26,02/24/2026,4923,99.94,58.37,4.78,0.02,0.0
FedEx Express,Positive Rate Weekly - 2/3/26,02/03/2026,4951,99.94,33.04,7.88,0.06,0.04
,PSA 061  Meeting Notice - Feb. 16 2026,02/10/2026,578,100.0,48.27,0.69,0.0,0.0
,PSA 061  Save the Date - Feb. 16 2026,02/02/2026,572,100.0,45.1,0.87,0.0,0.0
,PSA 061 Reminder: RSVP PUB Event - 01/28/2026,01/24/2026,525,100.0,45.33,1.33,0.0,0.0
,PSA 061 RSVP PUB Event - January 28 2026,01/21/2026,523,100.0,34.23,1.72,0.0,0.0
,PSA 061 Update - January 14 2026,01/14/2026,557,100.0,50.27,0.54,0.0,0.18
,PSA 061 Update - January 26 2026,01/26/2026,558,100.0,52.15,1.61,0.0,0.0
,PSA 070 Meeting Notice for 02-25-2026,02/06/2026,608,100.0,46.71,4.28,0.0,0.0
,PSA 070 Save the Date for 02-25-2026,01/20/2026,611,100.0,43.37,0.33,0.0,0.0
Endeavor Air,PSA Anniversary,01/29/2026,1756,100.0,30.13,0.34,0.0,0.0
,PSC 264 Nomination & Election Info - Jan. 05 2026,01/05/2026,46,100.0,39.13,17.39,0.0,0.0
Pascan (Custodianship),PSC MEC UPDATE 1/20/2026,01/20/2026,117,100.0,50.43,26.5,0.0,0.85
Pascan (Custodianship),PSC MEC UPDATE 2/10/2026,02/10/2026,114,100.0,44.74,1.75,0.0,0.0
PAL Airlines,PVL MEC Update 1/15/2026,01/15/2026,293,100.0,37.54,4.78,0.0,0.0
PAL Airlines,PVL MEC Update 1/15/2026 #2,01/15/2026,175,100.0,41.14,0.57,0.0,0.0
PAL Airlines,PVL MEC Update 2/3/2026,02/03/2026,288,100.0,37.5,2.08,0.0,0.0
PAL Airlines,PVL Negotiating Committee Update 2/2/2026,02/02/2026,288,100.0,39.93,2.43,0.0,0.0
,R&I Comm Jan 26,01/29/2026,432,100.0,33.8,7.41,0.0,0.0
Delta,R&I Update 26-01_IRS_Limits,01/08/2026,16040,99.98,33.98,2.63,0.02,0.01
Hawaiian,R&I: FSA and HRA Access Issues,01/12/2026,1208,100.0,36.34,3.31,0.0,0.0
Delta,R&I_Update_26_02_Check_Your_Checks,01/26/2026,16056,99.98,35.11,5.57,0.02,0.0
,RandI Update - Jan 2026,01/30/2026,303,100.0,54.13,21.12,0.0,0.0
Delta,RCC Report - RPS Results February 2026,02/03/2026,16085,99.99,39.51,15.95,0.01,0.01
,Remembering the Crew from PSA Flight 5342,01/28/2026,1695,100.0,29.03,1.0,0.0,0.0
Hawaiian,Required Notice Prior to IOE,02/04/2026,1218,100.0,40.48,1.15,0.0,0.0
,Reynolds for Haren FDX 26 sbr 11 1.26.26,01/26/2026,1278,100.0,28.33,3.36,0.0,0.0
,Road to the TA 26-01,02/18/2026,16167,99.99,34.41,0.85,0.01,0.0
,Rory Trueman JAZ MEC CHR 1.21.26,01/21/2026,992,100.0,51.61,2.72,0.0,0.0
,ROTOR Act Call to Action,02/18/2026,429,100.0,39.16,13.05,0.0,0.0
Air Canada,Rouge Transition,01/30/2026,5511,100.0,62.28,42.06,0.0,0.02
Hawaiian,S/T: Flight Pay Loss Reports Q3 2025,01/14/2026,1207,100.0,38.69,4.72,0.0,0.0
FedEx Express,Safety Committee Message - 1/23/26,01/23/2026,4949,99.98,36.92,14.85,0.02,0.02
FedEx Express,Safety Committee Message - 1/3/26,01/03/2026,4958,99.96,26.31,0.59,0.04,0.0
FedEx Express,Safety Committee Message - 1/4/26,01/04/2026,4958,99.96,27.2,0.77,0.04,0.0
FedEx Express,Safety Matters: Reports - 2/20/26,02/23/2026,4922,99.96,74.37,0.93,0.04,0.0
,Save the Dates: ACA 253 2026 Regular LCMs,02/13/2026,2811,100.0,43.61,0.71,0.0,0.0
Sun Country,SCA - Allegiant Merger Comm,01/11/2026,694,100.0,48.99,1.73,0.0,0.14
Sun Country,SCA -- MEC Update 260120,01/20/2026,694,100.0,51.87,17.0,0.0,0.0
Sun Country,SCA -- MEC Update 260203,02/03/2026,698,100.0,55.01,18.91,0.0,0.0
Sun Country,SCA -- Merger Education No.1 260114,01/14/2026,693,100.0,45.74,1.3,0.0,0.0
Sun Country,SCA -- Neg Notepad 260213,02/13/2026,696,100.0,44.54,1.01,0.0,0.0
,SCA -- PBS Issue 260122,01/22/2026,695,100.0,42.3,1.44,0.0,0.0
Sun Country,SCA -- PBS Update 260109,01/09/2026,692,100.0,43.06,1.16,0.0,0.0
,SCA 015 Meeting Notice - March 11 2026,01/28/2026,667,100.0,41.68,0.6,0.0,0.0
Sun Country,SCA Educational Video 1,01/20/2026,696,100.0,57.9,27.59,0.0,0.0
Sun Country,SCA MEC Update Feb. 17 2026,02/17/2026,699,100.0,48.64,5.87,0.0,0.0
Sun Country,SCA MEC Update Jan 6,01/07/2026,689,100.0,43.25,2.47,0.0,0.0
Sun Country,SCA MEC: Ops Bulletin,02/11/2026,699,100.0,54.79,26.75,0.0,0.0
Sun Country,SCA Merger Update #2 - Feb. 23,02/23/2026,698,100.0,71.78,2.58,0.0,0.0
,Scheduling Alert 26_01_Quick_Slips,02/20/2026,16167,99.98,74.57,1.78,0.02,0.01
Air Canada,Scheduling Committee Update - Feb 2026,02/02/2026,5524,100.0,56.59,27.24,0.0,0.02
Endeavor Air,Scheduling Committee Update Feb. 20,02/20/2026,1787,99.94,75.42,0.62,0.06,0.0
Alaska Airlines,Scheduling Update  1-29-26,01/31/2026,3327,100.0,53.68,36.1,0.0,0.0
Hawaiian,Scheduling: March 717 Pairings & Sit Times,02/15/2026,1216,100.0,38.73,0.33,0.0,0.0
FedEx Express,Sec Treas Message - 1/27/26,01/28/2026,4950,100.0,31.49,4.22,0.0,0.02
Air Canada,Security Committee - Feb 22 2026,02/22/2026,5519,100.0,77.99,0.38,0.0,0.0
FedEx Express,Security Committee Message - 2/23/26,02/23/2026,4922,99.96,76.65,3.27,0.04,0.0
PSA Airlines,Security Committee Update - 1/26/2026,01/26/2026,2033,100.0,48.5,0.44,0.0,0.05
,SFO LEC Meeting Announcement 01-11-26,01/11/2026,459,100.0,32.46,1.53,0.0,0.0
,SOAR Half Wing Welcome,02/09/2026,57,100.0,38.6,0.0,0.0,0.0
,SPA 018 Meeting Notice - Feb. 11 2026,02/06/2026,663,99.85,37.16,1.66,0.15,0.0
,SPA 018 Update - Feb. 18 2026,02/18/2026,633,100.0,43.13,1.26,0.0,0.0
,SPA 018 Update - Jan. 20 2026,01/20/2026,689,100.0,42.38,3.92,0.0,0.15
,SPA 077 Meeting Notice - Feb. 6 2026,01/23/2026,527,100.0,33.02,1.14,0.0,0.19
,SPA 077 Meeting Reminder - Feb. 6 2026,02/03/2026,522,100.0,28.16,0.19,0.0,0.19
,SPA 077 Update - Feb. 11 2026,02/11/2026,437,100.0,31.12,0.92,0.0,0.0
,SPA 077 Update - Jan. 22 2026,01/23/2026,528,100.0,32.39,0.57,0.0,0.19
,SPA 098 Meeting TOMORROW - Jan. 6 2026,01/05/2026,198,100.0,23.74,1.52,0.0,0.0
,SPA 098 Update - Feb. 18 2026,02/18/2026,186,100.0,38.71,3.23,0.0,0.0
,SPA 109 Special Update - Feb. 20 2026,02/20/2026,1015,100.0,73.1,0.69,0.0,0.0
,SPA 109 Update - Jan. 5 2026,01/06/2026,1041,100.0,33.72,1.15,0.0,0.0
Spirit,SPA Chair Message,01/13/2026,2602,100.0,49.15,21.41,0.0,0.12
Spirit,SPA Chairman's Message 2-11-2026,02/11/2026,2548,100.0,38.93,1.14,0.0,0.04
Spirit,SPA Chairman's Message 2-12-2026,02/13/2026,2516,100.0,39.03,0.95,0.0,0.04
Spirit,SPA Chairman's Message 2-24-2026,02/24/2026,2447,100.0,63.83,0.74,0.0,0.04
Spirit,SPA Jumpseat Update Souwthwest 1-27-2026,01/27/2026,2585,99.96,36.61,0.7,0.04,0.08
Spirit,SPA Status Page 2-11-2026,02/11/2026,2555,100.0,36.83,1.68,0.0,0.12
,SPACS11ForksandFactsFamilyAwarenessDi50,02/04/2026,415,100.0,27.95,3.13,0.0,0.24
,SPACS2MarchWestJetEncorePilotUnityBu56,02/17/2026,347,100.0,55.33,4.61,0.0,0.0
Alaska Airlines,Special MEC Meeting Notice 01-17-26,01/19/2026,3292,100.0,37.12,10.97,0.0,0.03
,Special Meeting Reminder,02/02/2026,227,100.0,35.68,2.64,0.0,0.0
,Special Meeting Room Directions,02/03/2026,227,100.0,36.12,2.2,0.0,0.0
Endeavor Air,Special Update: MEC Meeting Recap Day Two 1.20,01/20/2026,1746,99.94,44.36,0.52,0.06,0.06
PAL Aerospace,SPR MEC Upate 1/21/2026,01/21/2026,158,100.0,37.97,1.9,0.0,0.0
PAL Aerospace,SPR MEC Update 1/27/2026,01/27/2026,142,100.0,41.55,4.93,0.0,0.7
PAL Aerospace,SPR MEC Update 2/17/2026,02/18/2026,142,100.0,42.96,0.7,0.0,0.0
,SPSC News Flash-FFT Pilots' ATL Jan 13 IPCancelled,01/05/2026,3902,100.0,19.27,0.31,0.0,0.1
United Airlines,SSC Update: February 17 2026,02/17/2026,17811,99.98,31.19,2.8,0.02,0.01
United Airlines,SSC Update: February 9 2026,02/09/2026,17757,99.99,32.7,5.01,0.01,0.01
United Airlines,SSC Update: January 17 2026,01/17/2026,17755,99.99,38.55,15.4,0.01,0.04
,Standing in Solidarity with AFA,01/14/2026,3401,100.0,26.29,0.85,0.0,0.03
Spirit,Status Page (1-14-26),01/14/2026,2605,100.0,45.83,21.65,0.0,0.12
,Status Page (1-21-26),01/24/2026,2605,100.0,36.58,1.73,0.0,0.12
Spirit,Status Page (1-28-26),01/28/2026,2589,99.96,36.13,1.51,0.04,0.12
Spirit,Status Page (2-18-26),02/18/2026,2474,99.96,45.33,6.11,0.04,0.08
Spirit,Status Page (2-4-26),02/04/2026,2575,100.0,55.5,28.74,0.0,0.08
Spirit,Status Page 1-7-26,01/07/2026,2678,100.0,41.15,7.09,0.0,0.15
,Step Up Reminder Feb 2026,02/04/2026,139,100.0,59.71,41.01,0.0,0.0
,Step Up Reminder Jan 2026,01/07/2026,58,100.0,58.62,13.79,0.0,0.0
,Steve Haren FDX 26 sbr 11 1.22.26,01/22/2026,1279,100.0,27.68,6.88,0.0,0.0
,Steve Haren FDX 26 sbr 11 1.8.26,01/08/2026,1301,100.0,26.06,5.07,0.0,0.0
,Straight from the LEC Feb 22,02/22/2026,2628,99.92,69.31,0.8,0.08,0.0
,Sun n Fun 2026,02/17/2026,427,100.0,33.26,11.01,0.0,0.0
,Sun n Fun Save the Date,02/13/2026,426,100.0,21.36,0.7,0.0,0.0
,Template ALPA FastRead Test 001Angel,01/09/2026,15,100.0,100.0,20.0,0.0,0.0
,Template ALPA FastRead Test OnlyNew,01/21/2026,19,100.0,89.47,10.53,0.0,0.0
,Torrey Hansen mxy 144 str 2.2.26,02/02/2026,292,100.0,43.84,4.11,0.0,0.0
,Tracy Reynolds FDX 26 sbr 11 1.8.26,01/08/2026,1301,100.0,24.98,1.84,0.0,0.0
Air Transat,TSC - PVR Alert,02/22/2026,783,100.0,81.61,1.4,0.0,0.0
,TSC -- Benefits Overview 260128,02/04/2026,799,100.0,63.45,39.92,0.0,0.0
Air Transat,TSC -- CASC Update 260116,01/16/2026,796,100.0,44.47,1.51,0.0,0.0
Air Transat,TSC -- Ratification Countdown 260102,01/02/2026,800,100.0,48.75,11.38,0.0,0.13
Air Transat,TSC -- Special T-M 260120,01/21/2026,796,100.0,48.24,9.42,0.0,0.0
Air Transat,TSC -- T-M 260124,01/24/2026,796,100.0,52.64,16.21,0.0,0.0
Air Transat,TSC -- T-M 260131,01/31/2026,797,100.0,28.98,1.76,0.0,0.0
Air Transat,TSC -- T-M 260206,02/06/2026,799,100.0,56.32,20.65,0.0,0.0
Air Transat,TSC -- TA ratified 260106,01/06/2026,802,100.0,45.76,2.0,0.0,0.12
Air Transat,TSC -- Trans-Mission 260109,01/09/2026,799,100.0,45.93,2.13,0.0,0.0
Air Transat,TSC -- Trans-Mission 260112,01/12/2026,798,100.0,44.61,1.75,0.0,0.0
Air Transat,TSC -- Trans-Mission 260116,01/16/2026,798,100.0,27.94,4.26,0.0,0.0
Air Transat,TSC -- Vote Reminder No. 2 260103,01/05/2026,2397,100.0,52.61,14.81,0.0,0.04
,TSC 200 Meeting Notice - Feb. 12 2026,02/02/2026,457,100.0,35.89,0.88,0.0,0.0
,TSC 200 Save the Date - Feb. 12 2026,01/20/2026,457,100.0,30.42,0.22,0.0,0.0
,TSC 225 Meeting Notice - Feb. 11 2026,01/31/2026,256,100.0,49.61,0.39,0.0,0.0
,TSC 225 Save the Date - Feb. 11 2026,01/14/2026,257,100.0,52.14,2.72,0.0,0.0
Air Transat,TSC Trans-Mission - 021326,02/13/2026,788,100.0,47.21,1.9,0.0,0.0
Air Transat,TSC Trans-Mission - 022026,02/20/2026,791,100.0,83.19,1.77,0.0,0.0
FedEx Express,Tundra Tidbits - 1/20/26,01/20/2026,303,100.0,33.0,9.57,0.0,0.0
FedEx Express,Tundra Tidbits - 1/9/26,01/09/2026,303,100.0,28.38,3.63,0.0,0.0
FedEx Express,Tundra Tidbits - 2/13/26,02/13/2026,303,100.0,40.59,15.18,0.0,0.0
FedEx Express,Tundra Tidbits - 2/3/26,02/03/2026,302,100.0,30.13,2.32,0.0,0.0
,UAL 005 Meeting Notice - March 21 2026,02/04/2026,3404,100.0,26.85,0.5,0.0,0.06
,UAL 011 Meeting Notice - March 16 2026,02/19/2026,3320,100.0,38.73,7.41,0.0,0.0
,UAL 034 Meeting & R&I Seminar - March 24 2026,02/04/2026,5364,99.98,28.51,0.76,0.02,0.02
,UAL 057 Meeting Notice - March 18 2026,02/24/2026,2414,100.0,46.23,0.99,0.0,0.04
,UAL 093 Meeting Notice - February 26 2026,02/17/2026,1073,100.0,26.93,5.5,0.0,0.0
,UAL 093 Meeting Notice - January 22 2026,01/20/2026,1058,100.0,22.87,0.85,0.0,0.0
,UAL 093 Meeting Notice - March 24 2026,01/23/2026,1070,100.0,22.06,0.28,0.0,0.0
,UAL 150 PUB Notice - January 05 2026,01/05/2026,395,100.0,27.09,1.01,0.0,0.0
,UAL 153 Meeting Notice - February 03 2026,01/16/2026,196,100.0,36.73,2.04,0.0,0.0
,UAL 171 Meeting Notice - March 13 2026,02/11/2026,2256,100.0,26.42,2.97,0.0,0.0
,UAL 172 R&I Seminar - February 25 2026,02/24/2026,1031,100.0,43.06,6.69,0.0,0.0
Jazz Aviation,Unfair Labour Practice (ULP) Final Decision,01/05/2026,1148,100.0,54.18,1.57,0.0,0.09
,United Flight Attendant Informational Picket,01/13/2026,1064,100.0,26.69,0.85,0.0,0.0
Alaska Airlines,Unpaid Personal Leaves 02-05-26,02/05/2026,3327,99.76,33.68,0.42,0.24,0.0
FedEx Express,UPDATED: Safety Message - 1/3/26,01/03/2026,4957,99.96,28.15,2.46,0.04,0.0
,URGENT Call to Action,02/16/2026,1683,99.94,38.41,19.2,0.06,0.0
Air Canada,Vacation Bid Newsletter,01/28/2026,5523,100.0,46.35,5.98,0.0,0.02
,Venezuela NOC MCO Crew Update,01/04/2026,428,100.0,29.21,0.7,0.0,0.0
PSA Airlines,Verizon Outage,01/14/2026,2034,100.0,44.44,0.34,0.0,0.0
,WEN 211 Nomination & Election Info - Jan. 06 2026,01/06/2026,335,100.0,45.07,17.01,0.0,0.3
,WEN 211 Nomination & Election Info - Jan. 22 2026,01/22/2026,328,99.09,46.15,15.08,0.91,0.0
,WEN 211 Save the Date for 03-06-2026,02/05/2026,329,100.0,54.41,0.91,0.0,0.0
,WEN 214 Meeting Notice for 02-27-2026,02/20/2026,34,100.0,79.41,2.94,0.0,0.0
,WEN 214 Save the Date for 02-27-2026,01/16/2026,34,100.0,52.94,2.94,0.0,0.0
West Jet Encore,WEN MEC Update 1-28-26,01/28/2026,465,100.0,52.69,2.15,0.0,0.0
West Jet Encore,WEN MEC Update 1-9-26,01/09/2026,472,100.0,55.93,2.54,0.0,0.0
West Jet Encore,WEN MEC Update 2-11-26,02/11/2026,471,100.0,56.69,9.98,0.0,0.0
West Jet Encore,WEN MEC Update 2-12-26,02/12/2026,470,100.0,53.4,2.13,0.0,0.0
West Jet Encore,WEN MEC Update 2-17-26,02/17/2026,474,99.79,55.6,2.75,0.21,0.0
West Jet Encore,WEN MEC Update 2-22-26,02/22/2026,470,100.0,73.83,1.28,0.0,0.0
,WGN Chairman's Update Jan 14 2026,02/13/2026,176,99.43,34.29,2.86,0.57,0.0
Western Global (Custodianship),WGN MEC UPDATE 2/20/2026,02/21/2026,171,98.83,73.96,4.14,1.17,0.59
Western Global (Custodianship),WGN NC Update 2/13/2026,02/13/2026,171,99.42,38.24,4.12,0.58,0.59
,WJA 204 Meeting Notice  -  January 29 2026,01/27/2026,138,100.0,67.39,44.2,0.0,0.0
,WJA 227 Reminder Meeting Notice - January 6 2026,01/02/2026,366,100.0,47.54,8.74,0.0,0.27
,WJA 227 Update - Jan. 12 2026,01/12/2026,386,100.0,49.22,2.33,0.0,0.26
,WJA 230 Comm Jan 16 2026,01/16/2026,1081,100.0,40.8,1.2,0.0,0.09
,WJA 230 Meeting Notice - Feb. 2 2026,01/21/2026,1062,100.0,45.86,19.77,0.0,0.09
,WJA 230 Reminder Meeting Notice - Feb. 2 2026,01/30/2026,1059,100.0,40.04,10.29,0.0,0.09
,WJA 230 Updated Meeting Notice - Feb. 2 2026,01/21/2026,1059,100.0,42.87,14.16,0.0,0.0
,WJA 234 Meeting Notice -Jan. 26 2026,01/13/2026,657,100.0,47.64,8.68,0.0,0.0
,WJA 234 Update - Feb. 6 2026,02/06/2026,676,100.0,43.64,2.07,0.0,0.15
,WJA 234 UPDATE Meeting Cancelled - Jan. 26 2026,01/25/2026,653,100.0,40.28,0.46,0.0,0.0
,WJA 234 UPDATE Meeting Notice -Jan. 26 2026,01/22/2026,655,99.08,47.0,12.17,0.92,0.0
,WJA 234 UPDATED Meeting Notice - Feb. 4 2026,01/29/2026,1305,99.92,48.77,13.5,0.08,0.0
,WJA230 Save the Date - March 20 2026,02/09/2026,1057,100.0,37.56,0.47,0.0,0.0
